MachineId,ClientId,UserClientMappingId,CouseId,Status,QrScannedAt,StartedAt,EndedAt,SessionMinutes,CreatedAt
23DCB446-F5F1-8CCA-9E85-019FDCC161FD,BF6BEF26-9CB4-887D-90EB-019FDCBA6F01,06767588-391C-8968-9EBD-019FDF9DFFDC,54A83CB1-FC42-867F-923E-019FDCC5C5BB,Complete,8/8/2026 5:09,8/8/2026 5:12,8/8/2026 5:40,28,8/8/2026 5:09
23DCB446-F5F1-8CCA-9E85-019FDCC161FD,BF6BEF26-9CB4-887D-90EB-019FDCBA6F01,F213BB7A-2C04-8100-958A-019FDCD06DE7,3F3C8648-B2D8-8264-9E1E-019FDCC445E7,Complete,8/10/2026 8:50,8/10/2026 9:06,8/10/2026 9:40,34,8/10/2026 8:50
744F3879-B370-85BA-8E39-019FDCC2082A,BF6BEF26-9CB4-887D-90EB-019FDCBA6F01,F213BB7A-2C04-8100-958A-019FDCD06DE7,9496689D-76C0-8560-9CC2-019FDCC7517E,Complete,8/10/2026 9:55,8/10/2026 10:07,8/10/2026 10:46,39,8/10/2026 9:55
23DCB446-F5F1-8CCA-9E85-019FDCC161FD,BF6BEF26-9CB4-887D-90EB-019FDCBA6F01,F213BB7A-2C04-8100-958A-019FDCD06DE7,DA44D833-BC2E-8F68-9B9A-019FDCC36F35,AbortedUser,8/11/2026 6:36,8/11/2026 6:37,8/11/2026 6:44,7,8/11/2026 6:36
23DCB446-F5F1-8CCA-9E85-019FDCC161FD,BF6BEF26-9CB4-887D-90EB-019FDCBA6F01,F213BB7A-2C04-8100-958A-019FDCD06DE7,3F3C8648-B2D8-8264-9E1E-019FDCC445E7,Complete,8/11/2026 6:58,8/11/2026 6:59,8/11/2026 7:31,32,8/11/2026 6:58
744F3879-B370-85BA-8E39-019FDCC2082A,BF6BEF26-9CB4-887D-90EB-019FDCBA6F01,F213BB7A-2C04-8100-958A-019FDCD06DE7,024F2AC1-40DE-8F28-8027-019FDCC64BE4,Complete,8/11/2026 7:41,8/11/2026 7:44,8/11/2026 8:43,59,8/11/2026 7:41
23DCB446-F5F1-8CCA-9E85-019FDCC161FD,B10B1BE5-B8D6-8925-81E4-019FFA280AE7,858FD6B8-E1A3-8BDB-9F59-019FFABE3790,3F3C8648-B2D8-8264-9E1E-019FDCC445E7,Complete,8/13/2026 11:04,8/13/2026 11:05,8/13/2026 11:38,33,8/13/2026 11:04
744F3879-B370-85BA-8E39-019FDCC2082A,B10B1BE5-B8D6-8925-81E4-019FFA280AE7,858FD6B8-E1A3-8BDB-9F59-019FFABE3790,024F2AC1-40DE-8F28-8027-019FDCC64BE4,Complete,8/13/2026 11:46,8/13/2026 11:47,8/13/2026 12:46,59,8/13/2026 11:46
23DCB446-F5F1-8CCA-9E85-019FDCC161FD,BF6BEF26-9CB4-887D-90EB-019FDCBA6F01,F213BB7A-2C04-8100-958A-019FDCD06DE7,3F3C8648-B2D8-8264-9E1E-019FDCC445E7,AbortedUser,8/13/2026 13:34,8/13/2026 13:35,8/13/2026 13:36,1,8/13/2026 13:34
23DCB446-F5F1-8CCA-9E85-019FDCC161FD,BF6BEF26-9CB4-887D-90EB-019FDCBA6F01,F213BB7A-2C04-8100-958A-019FDCD06DE7,3F3C8648-B2D8-8264-9E1E-019FDCC445E7,AbortedUser,8/13/2026 13:37,8/13/2026 13:38,8/13/2026 13:49,11,8/13/2026 13:37
23DCB446-F5F1-8CCA-9E85-019FDCC161FD,BF6BEF26-9CB4-887D-90EB-019FDCBA6F01,F213BB7A-2C04-8100-958A-019FDCD06DE7,DA44D833-BC2E-8F68-9B9A-019FDCC36F35,AbortedUser,8/13/2026 13:49,8/13/2026 13:50,8/13/2026 13:55,5,8/13/2026 13:49
23DCB446-F5F1-8CCA-9E85-019FDCC161FD,BF6BEF26-9CB4-887D-90EB-019FDCBA6F01,F213BB7A-2C04-8100-958A-019FDCD06DE7,DA44D833-BC2E-8F68-9B9A-019FDCC36F35,Complete,8/13/2026 13:56,8/13/2026 13:57,8/13/2026 14:29,32,8/13/2026 13:56
744F3879-B370-85BA-8E39-019FDCC2082A,BF6BEF26-9CB4-887D-90EB-019FDCBA6F01,F213BB7A-2C04-8100-958A-019FDCD06DE7,024F2AC1-40DE-8F28-8027-019FDCC64BE4,Complete,8/13/2026 14:25,8/13/2026 14:37,8/13/2026 15:06,29,8/13/2026 14:25
23DCB446-F5F1-8CCA-9E85-019FDCC161FD,B10B1BE5-B8D6-8925-81E4-019FFA280AE7,95F694DC-B309-8990-8EBD-01A00F7CF19A,DA44D833-BC2E-8F68-9B9A-019FDCC36F35,Complete,8/17/2026 11:32,8/17/2026 11:34,8/17/2026 12:10,36,8/17/2026 11:32
744F3879-B370-85BA-8E39-019FDCC2082A,B10B1BE5-B8D6-8925-81E4-019FFA280AE7,95F694DC-B309-8990-8EBD-01A00F7CF19A,73C8CED5-DF39-892E-91D4-019FDCC8BD1D,Complete,8/17/2026 12:18,8/17/2026 12:19,8/17/2026 12:48,29,8/17/2026 12:18
23DCB446-F5F1-8CCA-9E85-019FDCC161FD,B10B1BE5-B8D6-8925-81E4-019FFA280AE7,499E15D5-EA40-8FFC-8DAA-01A00FB63F7B,3F3C8648-B2D8-8264-9E1E-019FDCC445E7,Complete,8/17/2026 12:51,8/17/2026 12:52,8/17/2026 13:26,34,8/17/2026 12:51
744F3879-B370-85BA-8E39-019FDCC2082A,B10B1BE5-B8D6-8925-81E4-019FFA280AE7,499E15D5-EA40-8FFC-8DAA-01A00FB63F7B,73C8CED5-DF39-892E-91D4-019FDCC8BD1D,Complete,8/17/2026 13:28,8/17/2026 13:31,8/17/2026 14:00,29,8/17/2026 13:28
23DCB446-F5F1-8CCA-9E85-019FDCC161FD,B10B1BE5-B8D6-8925-81E4-019FFA280AE7,46D187E8-C873-85B8-9E5E-01A00FB87B59,3F3C8648-B2D8-8264-9E1E-019FDCC445E7,Complete,8/17/2026 14:07,8/17/2026 14:08,8/17/2026 14:44,36,8/17/2026 14:07
744F3879-B370-85BA-8E39-019FDCC2082A,B10B1BE5-B8D6-8925-81E4-019FFA280AE7,46D187E8-C873-85B8-9E5E-01A00FB87B59,024F2AC1-40DE-8F28-8027-019FDCC64BE4,Complete,8/17/2026 15:02,8/17/2026 15:03,8/17/2026 16:03,60,8/17/2026 15:02
23DCB446-F5F1-8CCA-9E85-019FDCC161FD,B10B1BE5-B8D6-8925-81E4-019FFA280AE7,387616C5-41B2-82A8-9F0D-01A010111A08,DA44D833-BC2E-8F68-9B9A-019FDCC36F35,Complete,8/18/2026 4:52,8/18/2026 5:05,8/18/2026 5:43,38,8/18/2026 4:52
744F3879-B370-85BA-8E39-019FDCC2082A,B10B1BE5-B8D6-8925-81E4-019FFA280AE7,387616C5-41B2-82A8-9F0D-01A010111A08,024F2AC1-40DE-8F28-8027-019FDCC64BE4,Complete,8/18/2026 5:44,8/18/2026 5:45,8/18/2026 6:45,60,8/18/2026 5:44
23DCB446-F5F1-8CCA-9E85-019FDCC161FD,B10B1BE5-B8D6-8925-81E4-019FFA280AE7,C6BDF453-70E0-8329-83C3-01A0193FB3EB,DA44D833-BC2E-8F68-9B9A-019FDCC36F35,Complete,8/19/2026 9:06,8/19/2026 9:07,8/19/2026 9:44,37,8/19/2026 9:06
23DCB446-F5F1-8CCA-9E85-019FDCC161FD,B10B1BE5-B8D6-8925-81E4-019FFA280AE7,0B80721C-7A24-8E46-8A3D-01A019B61B0B,3F3C8648-B2D8-8264-9E1E-019FDCC445E7,Complete,8/19/2026 11:35,8/19/2026 11:36,8/19/2026 12:20,44,8/19/2026 11:35
744F3879-B370-85BA-8E39-019FDCC2082A,B10B1BE5-B8D6-8925-81E4-019FFA280AE7,0B80721C-7A24-8E46-8A3D-01A019B61B0B,024F2AC1-40DE-8F28-8027-019FDCC64BE4,Complete,8/19/2026 12:25,8/19/2026 12:26,8/19/2026 13:25,59,8/19/2026 12:25
23DCB446-F5F1-8CCA-9E85-019FDCC161FD,B10B1BE5-B8D6-8925-81E4-019FFA280AE7,3553C82F-CFB6-8BBF-80C1-01A01A07947A,97D5B2E1-8296-8D44-947E-019FDCC5201D,Complete,8/19/2026 12:45,8/19/2026 12:46,8/19/2026 13:22,36,8/19/2026 12:45
23DCB446-F5F1-8CCA-9E85-019FDCC161FD,B10B1BE5-B8D6-8925-81E4-019FFA280AE7,0B80721C-7A24-8E46-8A3D-01A019B61B0B,DA44D833-BC2E-8F68-9B9A-019FDCC36F35,Complete,8/19/2026 14:16,8/19/2026 14:26,8/19/2026 15:11,45,8/19/2026 14:16
23DCB446-F5F1-8CCA-9E85-019FDCC161FD,B10B1BE5-B8D6-8925-81E4-019FFA280AE7,46D187E8-C873-85B8-9E5E-01A00FB87B59,3F3C8648-B2D8-8264-9E1E-019FDCC445E7,Complete,8/19/2026 16:53,8/19/2026 16:56,8/19/2026 17:34,38,8/19/2026 16:53
744F3879-B370-85BA-8E39-019FDCC2082A,B10B1BE5-B8D6-8925-81E4-019FFA280AE7,46D187E8-C873-85B8-9E5E-01A00FB87B59,024F2AC1-40DE-8F28-8027-019FDCC64BE4,Complete,8/19/2026 17:36,8/19/2026 17:37,8/19/2026 18:36,59,8/19/2026 17:36
23DCB446-F5F1-8CCA-9E85-019FDCC161FD,B10B1BE5-B8D6-8925-81E4-019FFA280AE7,63698EDD-6D0D-8F76-9084-01A01EED5CD6,DA44D833-BC2E-8F68-9B9A-019FDCC36F35,Complete,8/20/2026 11:34,8/20/2026 11:43,8/20/2026 12:21,38,8/20/2026 11:34
23DCB446-F5F1-8CCA-9E85-019FDCC161FD,B10B1BE5-B8D6-8925-81E4-019FFA280AE7,853DDA68-9D82-85F0-9E49-01A023E13C80,3F3C8648-B2D8-8264-9E1E-019FDCC445E7,Complete,8/21/2026 14:53,8/21/2026 14:54,8/21/2026 15:31,37,8/21/2026 14:53
744F3879-B370-85BA-8E39-019FDCC2082A,B10B1BE5-B8D6-8925-81E4-019FFA280AE7,853DDA68-9D82-85F0-9E49-01A023E13C80,024F2AC1-40DE-8F28-8027-019FDCC64BE4,Complete,8/21/2026 15:35,8/21/2026 15:35,8/21/2026 16:35,60,8/21/2026 15:35
23DCB446-F5F1-8CCA-9E85-019FDCC161FD,B10B1BE5-B8D6-8925-81E4-019FFA280AE7,46D187E8-C873-85B8-9E5E-01A00FB87B59,DA44D833-BC2E-8F68-9B9A-019FDCC36F35,Complete,8/22/2026 0:58,8/22/2026 0:59,8/22/2026 1:35,36,8/22/2026 0:58
744F3879-B370-85BA-8E39-019FDCC2082A,B10B1BE5-B8D6-8925-81E4-019FFA280AE7,46D187E8-C873-85B8-9E5E-01A00FB87B59,024F2AC1-40DE-8F28-8027-019FDCC64BE4,Complete,8/22/2026 1:35,8/22/2026 1:39,8/22/2026 2:39,60,8/22/2026 1:35
23DCB446-F5F1-8CCA-9E85-019FDCC161FD,B10B1BE5-B8D6-8925-81E4-019FFA280AE7,C77D3131-2118-8CE1-9F2C-01A0281378FE,DA44D833-BC2E-8F68-9B9A-019FDCC36F35,Complete,8/22/2026 6:08,8/22/2026 6:09,8/22/2026 6:51,42,8/22/2026 6:08
23DCB446-F5F1-8CCA-9E85-019FDCC161FD,B10B1BE5-B8D6-8925-81E4-019FFA280AE7,387616C5-41B2-82A8-9F0D-01A010111A08,DA44D833-BC2E-8F68-9B9A-019FDCC36F35,Complete,8/22/2026 8:11,8/22/2026 8:13,8/22/2026 8:48,35,8/22/2026 8:11
744F3879-B370-85BA-8E39-019FDCC2082A,B10B1BE5-B8D6-8925-81E4-019FFA280AE7,387616C5-41B2-82A8-9F0D-01A010111A08,024F2AC1-40DE-8F28-8027-019FDCC64BE4,Complete,8/22/2026 8:50,8/22/2026 8:51,8/22/2026 9:51,60,8/22/2026 8:50
23DCB446-F5F1-8CCA-9E85-019FDCC161FD,B10B1BE5-B8D6-8925-81E4-019FFA280AE7,816A5583-770F-8B8D-8FDA-01A0293B7FBC,54A83CB1-FC42-867F-923E-019FDCC5C5BB,Complete,8/22/2026 11:34,8/22/2026 11:35,8/22/2026 12:08,33,8/22/2026 11:34
23DCB446-F5F1-8CCA-9E85-019FDCC161FD,B10B1BE5-B8D6-8925-81E4-019FFA280AE7,2D677992-E182-85DC-9BF9-01A0295CF2CD,DA44D833-BC2E-8F68-9B9A-019FDCC36F35,Complete,8/22/2026 12:30,8/22/2026 12:34,8/22/2026 13:11,37,8/22/2026 12:30
23DCB446-F5F1-8CCA-9E85-019FDCC161FD,B10B1BE5-B8D6-8925-81E4-019FFA280AE7,4938FE15-DB25-8E74-8AAE-01A028920BF8,DA44D833-BC2E-8F68-9B9A-019FDCC36F35,Complete,8/22/2026 13:17,8/22/2026 13:19,8/22/2026 13:59,40,8/22/2026 13:17
744F3879-B370-85BA-8E39-019FDCC2082A,B10B1BE5-B8D6-8925-81E4-019FFA280AE7,4938FE15-DB25-8E74-8AAE-01A028920BF8,024F2AC1-40DE-8F28-8027-019FDCC64BE4,Complete,8/22/2026 13:58,8/22/2026 14:09,8/22/2026 15:08,59,8/22/2026 13:58
23DCB446-F5F1-8CCA-9E85-019FDCC161FD,B10B1BE5-B8D6-8925-81E4-019FFA280AE7,816A5583-770F-8B8D-8FDA-01A0293B7FBC,3F3C8648-B2D8-8264-9E1E-019FDCC445E7,Complete,8/22/2026 14:11,8/22/2026 14:12,8/22/2026 14:52,40,8/22/2026 14:11
23DCB446-F5F1-8CCA-9E85-019FDCC161FD,B10B1BE5-B8D6-8925-81E4-019FFA280AE7,2349788D-120B-8EBD-857C-01A0297002BB,3F3C8648-B2D8-8264-9E1E-019FDCC445E7,Complete,8/22/2026 14:59,8/22/2026 15:00,8/22/2026 15:38,38,8/22/2026 14:59
744F3879-B370-85BA-8E39-019FDCC2082A,B10B1BE5-B8D6-8925-81E4-019FFA280AE7,816A5583-770F-8B8D-8FDA-01A0293B7FBC,024F2AC1-40DE-8F28-8027-019FDCC64BE4,Complete,8/22/2026 15:53,8/22/2026 15:54,8/22/2026 16:53,59,8/22/2026 15:53
744F3879-B370-85BA-8E39-019FDCC2082A,B10B1BE5-B8D6-8925-81E4-019FFA280AE7,2349788D-120B-8EBD-857C-01A0297002BB,024F2AC1-40DE-8F28-8027-019FDCC64BE4,Complete,8/22/2026 17:08,8/22/2026 17:09,8/22/2026 18:09,60,8/22/2026 17:08
23DCB446-F5F1-8CCA-9E85-019FDCC161FD,B10B1BE5-B8D6-8925-81E4-019FFA280AE7,EE15422E-9045-8857-923B-01A02A8F45F0,3F3C8648-B2D8-8264-9E1E-019FDCC445E7,Complete,8/22/2026 18:23,8/22/2026 18:27,8/22/2026 19:03,36,8/22/2026 18:23
744F3879-B370-85BA-8E39-019FDCC2082A,B10B1BE5-B8D6-8925-81E4-019FFA280AE7,EE15422E-9045-8857-923B-01A02A8F45F0,024F2AC1-40DE-8F28-8027-019FDCC64BE4,Complete,8/22/2026 19:08,8/22/2026 19:09,8/22/2026 20:09,60,8/22/2026 19:08
23DCB446-F5F1-8CCA-9E85-019FDCC161FD,B10B1BE5-B8D6-8925-81E4-019FFA280AE7,D571A663-419C-84B8-8084-01A02C926EBC,3F3C8648-B2D8-8264-9E1E-019FDCC445E7,Complete,8/23/2026 3:08,8/23/2026 3:09,8/23/2026 3:45,36,8/23/2026 3:08
23DCB446-F5F1-8CCA-9E85-019FDCC161FD,B10B1BE5-B8D6-8925-81E4-019FFA280AE7,CB1162F7-4D2B-8564-8FAE-01A029D6CACE,3F3C8648-B2D8-8264-9E1E-019FDCC445E7,Complete,8/23/2026 5:42,8/23/2026 5:46,8/23/2026 6:20,34,8/23/2026 5:42
744F3879-B370-85BA-8E39-019FDCC2082A,B10B1BE5-B8D6-8925-81E4-019FFA280AE7,CB1162F7-4D2B-8564-8FAE-01A029D6CACE,024F2AC1-40DE-8F28-8027-019FDCC64BE4,Complete,8/23/2026 6:21,8/23/2026 6:23,8/23/2026 7:23,60,8/23/2026 6:21
23DCB446-F5F1-8CCA-9E85-019FDCC161FD,B10B1BE5-B8D6-8925-81E4-019FFA280AE7,EE15422E-9045-8857-923B-01A02A8F45F0,3F3C8648-B2D8-8264-9E1E-019FDCC445E7,Complete,8/23/2026 7:30,8/23/2026 7:30,8/23/2026 8:11,41,8/23/2026 7:30
744F3879-B370-85BA-8E39-019FDCC2082A,B10B1BE5-B8D6-8925-81E4-019FFA280AE7,EE15422E-9045-8857-923B-01A02A8F45F0,024F2AC1-40DE-8F28-8027-019FDCC64BE4,Complete,8/23/2026 8:13,8/23/2026 8:15,8/23/2026 9:14,59,8/23/2026 8:13
23DCB446-F5F1-8CCA-9E85-019FDCC161FD,B10B1BE5-B8D6-8925-81E4-019FFA280AE7,AD9EA721-DAFA-8EA9-9CE3-01A02D671841,3F3C8648-B2D8-8264-9E1E-019FDCC445E7,Complete,8/23/2026 8:59,8/23/2026 9:02,8/23/2026 9:37,35,8/23/2026 8:59
744F3879-B370-85BA-8E39-019FDCC2082A,B10B1BE5-B8D6-8925-81E4-019FFA280AE7,AD9EA721-DAFA-8EA9-9CE3-01A02D671841,024F2AC1-40DE-8F28-8027-019FDCC64BE4,Complete,8/23/2026 9:39,8/23/2026 9:40,8/23/2026 10:40,60,8/23/2026 9:39
23DCB446-F5F1-8CCA-9E85-019FDCC161FD,B10B1BE5-B8D6-8925-81E4-019FFA280AE7,ABB32F35-6100-87D8-9B23-01A02E4ABDBA,DA44D833-BC2E-8F68-9B9A-019FDCC36F35,Complete,8/23/2026 11:11,8/23/2026 11:12,8/23/2026 11:50,38,8/23/2026 11:11
744F3879-B370-85BA-8E39-019FDCC2082A,B10B1BE5-B8D6-8925-81E4-019FFA280AE7,ABB32F35-6100-87D8-9B23-01A02E4ABDBA,024F2AC1-40DE-8F28-8027-019FDCC64BE4,Complete,8/23/2026 12:09,8/23/2026 12:09,8/23/2026 13:09,60,8/23/2026 12:09
23DCB446-F5F1-8CCA-9E85-019FDCC161FD,B10B1BE5-B8D6-8925-81E4-019FFA280AE7,6259D422-ECD7-834B-936F-01A0248E3334,3F3C8648-B2D8-8264-9E1E-019FDCC445E7,Complete,8/23/2026 15:24,8/23/2026 15:30,8/23/2026 16:03,33,8/23/2026 15:24
744F3879-B370-85BA-8E39-019FDCC2082A,B10B1BE5-B8D6-8925-81E4-019FFA280AE7,6259D422-ECD7-834B-936F-01A0248E3334,024F2AC1-40DE-8F28-8027-019FDCC64BE4,Complete,8/23/2026 16:11,8/23/2026 16:13,8/23/2026 17:13,60,8/23/2026 16:11
23DCB446-F5F1-8CCA-9E85-019FDCC161FD,B10B1BE5-B8D6-8925-81E4-019FFA280AE7,EA2D1D5E-639A-8785-8661-01A02FA587E2,3F3C8648-B2D8-8264-9E1E-019FDCC445E7,Complete,8/24/2026 5:11,8/24/2026 5:12,8/24/2026 5:51,39,8/24/2026 5:11
744F3879-B370-85BA-8E39-019FDCC2082A,B10B1BE5-B8D6-8925-81E4-019FFA280AE7,EA2D1D5E-639A-8785-8661-01A02FA587E2,024F2AC1-40DE-8F28-8027-019FDCC64BE4,Complete,8/24/2026 6:14,8/24/2026 6:15,8/24/2026 7:14,59,8/24/2026 6:14
23DCB446-F5F1-8CCA-9E85-019FDCC161FD,B10B1BE5-B8D6-8925-81E4-019FFA280AE7,57A4FE1C-6BA8-8179-8A0A-01A032BC3F72,54A83CB1-FC42-867F-923E-019FDCC5C5BB,Complete,8/24/2026 8:55,8/24/2026 8:59,8/24/2026 9:34,35,8/24/2026 8:55
23DCB446-F5F1-8CCA-9E85-019FDCC161FD,B10B1BE5-B8D6-8925-81E4-019FFA280AE7,3553C82F-CFB6-8BBF-80C1-01A01A07947A,DA44D833-BC2E-8F68-9B9A-019FDCC36F35,Complete,8/24/2026 11:53,8/24/2026 11:55,8/24/2026 12:29,34,8/24/2026 11:53
23DCB446-F5F1-8CCA-9E85-019FDCC161FD,B10B1BE5-B8D6-8925-81E4-019FFA280AE7,2349788D-120B-8EBD-857C-01A0297002BB,3F3C8648-B2D8-8264-9E1E-019FDCC445E7,Complete,8/24/2026 12:34,8/24/2026 12:35,8/24/2026 13:10,35,8/24/2026 12:34
744F3879-B370-85BA-8E39-019FDCC2082A,B10B1BE5-B8D6-8925-81E4-019FFA280AE7,2349788D-120B-8EBD-857C-01A0297002BB,024F2AC1-40DE-8F28-8027-019FDCC64BE4,Complete,8/24/2026 13:12,8/24/2026 13:13,8/24/2026 14:13,60,8/24/2026 13:12
23DCB446-F5F1-8CCA-9E85-019FDCC161FD,B10B1BE5-B8D6-8925-81E4-019FFA280AE7,AD9EA721-DAFA-8EA9-9CE3-01A02D671841,3F3C8648-B2D8-8264-9E1E-019FDCC445E7,Complete,8/25/2026 8:25,8/25/2026 8:27,8/25/2026 9:02,35,8/25/2026 8:25
744F3879-B370-85BA-8E39-019FDCC2082A,B10B1BE5-B8D6-8925-81E4-019FFA280AE7,AD9EA721-DAFA-8EA9-9CE3-01A02D671841,024F2AC1-40DE-8F28-8027-019FDCC64BE4,Complete,8/25/2026 9:03,8/25/2026 9:06,8/25/2026 10:05,59,8/25/2026 9:03
23DCB446-F5F1-8CCA-9E85-019FDCC161FD,B10B1BE5-B8D6-8925-81E4-019FFA280AE7,816A5583-770F-8B8D-8FDA-01A0293B7FBC,DA44D833-BC2E-8F68-9B9A-019FDCC36F35,Complete,8/25/2026 15:43,8/25/2026 15:44,8/25/2026 16:25,41,8/25/2026 15:43
744F3879-B370-85BA-8E39-019FDCC2082A,B10B1BE5-B8D6-8925-81E4-019FFA280AE7,816A5583-770F-8B8D-8FDA-01A0293B7FBC,024F2AC1-40DE-8F28-8027-019FDCC64BE4,Complete,8/25/2026 16:25,8/25/2026 16:27,8/25/2026 17:27,60,8/25/2026 16:25
23DCB446-F5F1-8CCA-9E85-019FDCC161FD,B10B1BE5-B8D6-8925-81E4-019FFA280AE7,EA2D1D5E-639A-8785-8661-01A02FA587E2,3F3C8648-B2D8-8264-9E1E-019FDCC445E7,Complete,8/26/2026 4:18,8/26/2026 4:34,8/26/2026 5:08,34,8/26/2026 4:18
744F3879-B370-85BA-8E39-019FDCC2082A,B10B1BE5-B8D6-8925-81E4-019FFA280AE7,EA2D1D5E-639A-8785-8661-01A02FA587E2,024F2AC1-40DE-8F28-8027-019FDCC64BE4,Complete,8/26/2026 5:09,8/26/2026 5:10,8/26/2026 6:10,60,8/26/2026 5:09
23DCB446-F5F1-8CCA-9E85-019FDCC161FD,B10B1BE5-B8D6-8925-81E4-019FFA280AE7,46D187E8-C873-85B8-9E5E-01A00FB87B59,3F3C8648-B2D8-8264-9E1E-019FDCC445E7,Complete,8/26/2026 7:07,8/26/2026 7:08,8/26/2026 7:45,37,8/26/2026 7:07
744F3879-B370-85BA-8E39-019FDCC2082A,B10B1BE5-B8D6-8925-81E4-019FFA280AE7,46D187E8-C873-85B8-9E5E-01A00FB87B59,024F2AC1-40DE-8F28-8027-019FDCC64BE4,Complete,8/26/2026 7:47,8/26/2026 7:47,8/26/2026 8:47,60,8/26/2026 7:47
23DCB446-F5F1-8CCA-9E85-019FDCC161FD,B10B1BE5-B8D6-8925-81E4-019FFA280AE7,2349788D-120B-8EBD-857C-01A0297002BB,3F3C8648-B2D8-8264-9E1E-019FDCC445E7,Complete,8/27/2026 8:20,8/27/2026 8:21,8/27/2026 8:57,36,8/27/2026 8:20
744F3879-B370-85BA-8E39-019FDCC2082A,B10B1BE5-B8D6-8925-81E4-019FFA280AE7,2349788D-120B-8EBD-857C-01A0297002BB,024F2AC1-40DE-8F28-8027-019FDCC64BE4,Complete,8/27/2026 9:00,8/27/2026 9:00,8/27/2026 10:00,60,8/27/2026 9:00
23DCB446-F5F1-8CCA-9E85-019FDCC161FD,B10B1BE5-B8D6-8925-81E4-019FFA280AE7,EA2D1D5E-639A-8785-8661-01A02FA587E2,DA44D833-BC2E-8F68-9B9A-019FDCC36F35,Complete,8/27/2026 10:16,8/27/2026 10:17,8/27/2026 10:52,35,8/27/2026 10:16
744F3879-B370-85BA-8E39-019FDCC2082A,B10B1BE5-B8D6-8925-81E4-019FFA280AE7,EA2D1D5E-639A-8785-8661-01A02FA587E2,024F2AC1-40DE-8F28-8027-019FDCC64BE4,Complete,8/27/2026 10:54,8/27/2026 10:56,8/27/2026 11:56,60,8/27/2026 10:54
23DCB446-F5F1-8CCA-9E85-019FDCC161FD,B10B1BE5-B8D6-8925-81E4-019FFA280AE7,AC772830-1534-80AB-9BA0-01A042533190,3F3C8648-B2D8-8264-9E1E-019FDCC445E7,Complete,8/27/2026 10:58,8/27/2026 10:59,8/27/2026 11:33,34,8/27/2026 10:58
744F3879-B370-85BA-8E39-019FDCC2082A,B10B1BE5-B8D6-8925-81E4-019FFA280AE7,AC772830-1534-80AB-9BA0-01A042533190,024F2AC1-40DE-8F28-8027-019FDCC64BE4,Complete,8/27/2026 13:00,8/27/2026 13:00,8/27/2026 14:00,60,8/27/2026 13:00
23DCB446-F5F1-8CCA-9E85-019FDCC161FD,B10B1BE5-B8D6-8925-81E4-019FFA280AE7,61E7A712-FD43-8226-9901-01A027849751,DA44D833-BC2E-8F68-9B9A-019FDCC36F35,Complete,8/27/2026 13:30,8/27/2026 13:32,8/27/2026 14:12,40,8/27/2026 13:30
23DCB446-F5F1-8CCA-9E85-019FDCC161FD,B10B1BE5-B8D6-8925-81E4-019FFA280AE7,61E7A712-FD43-8226-9901-01A027849751,3F3C8648-B2D8-8264-9E1E-019FDCC445E7,Complete,8/27/2026 14:26,8/27/2026 14:27,8/27/2026 15:05,38,8/27/2026 14:26
744F3879-B370-85BA-8E39-019FDCC2082A,B10B1BE5-B8D6-8925-81E4-019FFA280AE7,61E7A712-FD43-8226-9901-01A027849751,024F2AC1-40DE-8F28-8027-019FDCC64BE4,Complete,8/27/2026 15:07,8/27/2026 15:08,8/27/2026 16:07,59,8/27/2026 15:07
23DCB446-F5F1-8CCA-9E85-019FDCC161FD,B10B1BE5-B8D6-8925-81E4-019FFA280AE7,6259D422-ECD7-834B-936F-01A0248E3334,3F3C8648-B2D8-8264-9E1E-019FDCC445E7,Complete,8/27/2026 16:18,8/27/2026 16:18,8/27/2026 16:52,34,8/27/2026 16:18
744F3879-B370-85BA-8E39-019FDCC2082A,B10B1BE5-B8D6-8925-81E4-019FFA280AE7,6259D422-ECD7-834B-936F-01A0248E3334,9496689D-76C0-8560-9CC2-019FDCC7517E,Complete,8/27/2026 17:19,8/27/2026 17:20,8/27/2026 17:59,39,8/27/2026 17:19
23DCB446-F5F1-8CCA-9E85-019FDCC161FD,B10B1BE5-B8D6-8925-81E4-019FFA280AE7,79B18E1A-4E3A-8F97-9796-01A0475C337F,3F3C8648-B2D8-8264-9E1E-019FDCC445E7,Complete,8/28/2026 7:56,8/28/2026 7:57,8/28/2026 8:35,38,8/28/2026 7:56
744F3879-B370-85BA-8E39-019FDCC2082A,B10B1BE5-B8D6-8925-81E4-019FFA280AE7,79B18E1A-4E3A-8F97-9796-01A0475C337F,024F2AC1-40DE-8F28-8027-019FDCC64BE4,Complete,8/28/2026 8:42,8/28/2026 8:42,8/28/2026 9:42,60,8/28/2026 8:42
23DCB446-F5F1-8CCA-9E85-019FDCC161FD,B10B1BE5-B8D6-8925-81E4-019FFA280AE7,C77D3131-2118-8CE1-9F2C-01A0281378FE,3F3C8648-B2D8-8264-9E1E-019FDCC445E7,Complete,8/28/2026 9:39,8/28/2026 9:40,8/28/2026 10:14,34,8/28/2026 9:39
744F3879-B370-85BA-8E39-019FDCC2082A,B10B1BE5-B8D6-8925-81E4-019FFA280AE7,C77D3131-2118-8CE1-9F2C-01A0281378FE,024F2AC1-40DE-8F28-8027-019FDCC64BE4,Complete,8/28/2026 10:18,8/28/2026 10:20,8/28/2026 11:19,59,8/28/2026 10:18
23DCB446-F5F1-8CCA-9E85-019FDCC161FD,B10B1BE5-B8D6-8925-81E4-019FFA280AE7,2349788D-120B-8EBD-857C-01A0297002BB,3F3C8648-B2D8-8264-9E1E-019FDCC445E7,Complete,8/28/2026 15:44,8/28/2026 15:45,8/28/2026 16:28,43,8/28/2026 15:44
744F3879-B370-85BA-8E39-019FDCC2082A,B10B1BE5-B8D6-8925-81E4-019FFA280AE7,2349788D-120B-8EBD-857C-01A0297002BB,024F2AC1-40DE-8F28-8027-019FDCC64BE4,Complete,8/28/2026 17:25,8/28/2026 17:26,8/28/2026 18:26,60,8/28/2026 17:25
23DCB446-F5F1-8CCA-9E85-019FDCC161FD,B10B1BE5-B8D6-8925-81E4-019FFA280AE7,95F694DC-B309-8990-8EBD-01A00F7CF19A,DA44D833-BC2E-8F68-9B9A-019FDCC36F35,Complete,8/29/2026 6:26,8/29/2026 6:29,8/29/2026 7:07,38,8/29/2026 6:26
744F3879-B370-85BA-8E39-019FDCC2082A,B10B1BE5-B8D6-8925-81E4-019FFA280AE7,95F694DC-B309-8990-8EBD-01A00F7CF19A,024F2AC1-40DE-8F28-8027-019FDCC64BE4,Complete,8/29/2026 7:09,8/29/2026 7:10,8/29/2026 8:09,59,8/29/2026 7:09
23DCB446-F5F1-8CCA-9E85-019FDCC161FD,B10B1BE5-B8D6-8925-81E4-019FFA280AE7,2DC78D2F-BCDB-8316-815E-01A04C96BEFA,DA44D833-BC2E-8F68-9B9A-019FDCC36F35,Complete,8/29/2026 8:32,8/29/2026 8:33,8/29/2026 9:11,38,8/29/2026 8:32
744F3879-B370-85BA-8E39-019FDCC2082A,B10B1BE5-B8D6-8925-81E4-019FFA280AE7,2DC78D2F-BCDB-8316-815E-01A04C96BEFA,024F2AC1-40DE-8F28-8027-019FDCC64BE4,Complete,8/29/2026 9:12,8/29/2026 9:15,8/29/2026 10:15,60,8/29/2026 9:12
23DCB446-F5F1-8CCA-9E85-019FDCC161FD,B10B1BE5-B8D6-8925-81E4-019FFA280AE7,00371DAE-6812-83F0-8510-01A04D65A6C3,DA44D833-BC2E-8F68-9B9A-019FDCC36F35,Complete,8/29/2026 12:20,8/29/2026 12:26,8/29/2026 13:03,37,8/29/2026 12:20
23DCB446-F5F1-8CCA-9E85-019FDCC161FD,B10B1BE5-B8D6-8925-81E4-019FFA280AE7,D796C03E-2F3B-8C43-9090-01A04CAEA220,DA44D833-BC2E-8F68-9B9A-019FDCC36F35,Complete,8/29/2026 13:12,8/29/2026 13:13,8/29/2026 13:51,38,8/29/2026 13:12
744F3879-B370-85BA-8E39-019FDCC2082A,B10B1BE5-B8D6-8925-81E4-019FFA280AE7,D796C03E-2F3B-8C43-9090-01A04CAEA220,024F2AC1-40DE-8F28-8027-019FDCC64BE4,Complete,8/29/2026 13:42,8/29/2026 13:54,8/29/2026 14:53,59,8/29/2026 13:42
23DCB446-F5F1-8CCA-9E85-019FDCC161FD,B10B1BE5-B8D6-8925-81E4-019FFA280AE7,95F694DC-B309-8990-8EBD-01A00F7CF19A,3F3C8648-B2D8-8264-9E1E-019FDCC445E7,Complete,8/29/2026 14:25,8/29/2026 14:27,8/29/2026 15:02,35,8/29/2026 14:25
744F3879-B370-85BA-8E39-019FDCC2082A,B10B1BE5-B8D6-8925-81E4-019FFA280AE7,95F694DC-B309-8990-8EBD-01A00F7CF19A,024F2AC1-40DE-8F28-8027-019FDCC64BE4,Complete,8/29/2026 15:03,8/29/2026 15:04,8/29/2026 16:03,59,8/29/2026 15:03
23DCB446-F5F1-8CCA-9E85-019FDCC161FD,B10B1BE5-B8D6-8925-81E4-019FFA280AE7,EE15422E-9045-8857-923B-01A02A8F45F0,3F3C8648-B2D8-8264-9E1E-019FDCC445E7,Complete,8/29/2026 15:11,8/29/2026 15:13,8/29/2026 15:49,36,8/29/2026 15:11
744F3879-B370-85BA-8E39-019FDCC2082A,B10B1BE5-B8D6-8925-81E4-019FFA280AE7,EE15422E-9045-8857-923B-01A02A8F45F0,024F2AC1-40DE-8F28-8027-019FDCC64BE4,Complete,8/29/2026 16:04,8/29/2026 16:07,8/29/2026 17:07,60,8/29/2026 16:04
23DCB446-F5F1-8CCA-9E85-019FDCC161FD,B10B1BE5-B8D6-8925-81E4-019FFA280AE7,7BF5E09B-66F3-89F8-8FEE-01A0509B64CF,3F3C8648-B2D8-8264-9E1E-019FDCC445E7,Complete,8/30/2026 3:12,8/30/2026 3:13,8/30/2026 3:47,34,8/30/2026 3:12
23DCB446-F5F1-8CCA-9E85-019FDCC161FD,B10B1BE5-B8D6-8925-81E4-019FFA280AE7,84B7AEA1-D89A-832A-92A1-01A048C8B79C,3F3C8648-B2D8-8264-9E1E-019FDCC445E7,Complete,8/30/2026 7:25,8/30/2026 7:27,8/30/2026 8:03,36,8/30/2026 7:25
744F3879-B370-85BA-8E39-019FDCC2082A,B10B1BE5-B8D6-8925-81E4-019FFA280AE7,84B7AEA1-D89A-832A-92A1-01A048C8B79C,024F2AC1-40DE-8F28-8027-019FDCC64BE4,Complete,8/30/2026 8:09,8/30/2026 8:13,8/30/2026 9:12,59,8/30/2026 8:09
23DCB446-F5F1-8CCA-9E85-019FDCC161FD,B10B1BE5-B8D6-8925-81E4-019FFA280AE7,ABB32F35-6100-87D8-9B23-01A02E4ABDBA,3F3C8648-B2D8-8264-9E1E-019FDCC445E7,Complete,8/30/2026 12:57,8/30/2026 12:58,8/30/2026 13:36,38,8/30/2026 12:57
744F3879-B370-85BA-8E39-019FDCC2082A,B10B1BE5-B8D6-8925-81E4-019FFA280AE7,ABB32F35-6100-87D8-9B23-01A02E4ABDBA,024F2AC1-40DE-8F28-8027-019FDCC64BE4,Complete,8/30/2026 13:38,8/30/2026 13:40,8/30/2026 14:40,60,8/30/2026 13:38
23DCB446-F5F1-8CCA-9E85-019FDCC161FD,B10B1BE5-B8D6-8925-81E4-019FFA280AE7,816A5583-770F-8B8D-8FDA-01A0293B7FBC,3F3C8648-B2D8-8264-9E1E-019FDCC445E7,Complete,8/30/2026 16:15,8/30/2026 16:16,8/30/2026 16:52,36,8/30/2026 16:15
744F3879-B370-85BA-8E39-019FDCC2082A,B10B1BE5-B8D6-8925-81E4-019FFA280AE7,816A5583-770F-8B8D-8FDA-01A0293B7FBC,024F2AC1-40DE-8F28-8027-019FDCC64BE4,Complete,8/30/2026 16:52,8/30/2026 16:55,8/30/2026 17:54,59,8/30/2026 16:52
23DCB446-F5F1-8CCA-9E85-019FDCC161FD,B10B1BE5-B8D6-8925-81E4-019FFA280AE7,5DFE1847-042B-8B35-9F9B-01A057A99B3B,DA44D833-BC2E-8F68-9B9A-019FDCC36F35,Complete,8/31/2026 11:58,8/31/2026 12:00,8/31/2026 12:34,34,8/31/2026 11:58
23DCB446-F5F1-8CCA-9E85-019FDCC161FD,B10B1BE5-B8D6-8925-81E4-019FFA280AE7,84B7AEA1-D89A-832A-92A1-01A048C8B79C,3F3C8648-B2D8-8264-9E1E-019FDCC445E7,Complete,8/31/2026 14:49,8/31/2026 14:50,8/31/2026 15:27,37,8/31/2026 14:49
744F3879-B370-85BA-8E39-019FDCC2082A,B10B1BE5-B8D6-8925-81E4-019FFA280AE7,84B7AEA1-D89A-832A-92A1-01A048C8B79C,024F2AC1-40DE-8F28-8027-019FDCC64BE4,Complete,8/31/2026 15:32,8/31/2026 15:33,8/31/2026 16:32,59,8/31/2026 15:32
23DCB446-F5F1-8CCA-9E85-019FDCC161FD,B10B1BE5-B8D6-8925-81E4-019FFA280AE7,D7F02119-56F6-8824-85C6-01A05DCECB1A,DA44D833-BC2E-8F68-9B9A-019FDCC36F35,Complete,9/2/2026 5:57,9/2/2026 5:58,9/2/2026 6:40,42,9/2/2026 5:57
23DCB446-F5F1-8CCA-9E85-019FDCC161FD,B10B1BE5-B8D6-8925-81E4-019FFA280AE7,69BB87E6-A5B4-8D61-8D09-01A0102B45D3,3F3C8648-B2D8-8264-9E1E-019FDCC445E7,Complete,9/2/2026 12:22,9/2/2026 12:25,9/2/2026 13:00,35,9/2/2026 12:22
744F3879-B370-85BA-8E39-019FDCC2082A,B10B1BE5-B8D6-8925-81E4-019FFA280AE7,69BB87E6-A5B4-8D61-8D09-01A0102B45D3,024F2AC1-40DE-8F28-8027-019FDCC64BE4,Complete,9/2/2026 13:05,9/2/2026 13:07,9/2/2026 14:07,60,9/2/2026 13:05
23DCB446-F5F1-8CCA-9E85-019FDCC161FD,B10B1BE5-B8D6-8925-81E4-019FFA280AE7,95F694DC-B309-8990-8EBD-01A00F7CF19A,DA44D833-BC2E-8F68-9B9A-019FDCC36F35,Complete,9/4/2026 6:21,9/4/2026 6:22,9/4/2026 7:05,43,9/4/2026 6:21
744F3879-B370-85BA-8E39-019FDCC2082A,B10B1BE5-B8D6-8925-81E4-019FFA280AE7,95F694DC-B309-8990-8EBD-01A00F7CF19A,024F2AC1-40DE-8F28-8027-019FDCC64BE4,Complete,9/4/2026 7:10,9/4/2026 7:11,9/4/2026 8:11,60,9/4/2026 7:10
23DCB446-F5F1-8CCA-9E85-019FDCC161FD,B10B1BE5-B8D6-8925-81E4-019FFA280AE7,7BF5E09B-66F3-89F8-8FEE-01A0509B64CF,DA44D833-BC2E-8F68-9B9A-019FDCC36F35,Complete,9/4/2026 7:25,9/4/2026 7:25,9/4/2026 8:01,36,9/4/2026 7:25
23DCB446-F5F1-8CCA-9E85-019FDCC161FD,B10B1BE5-B8D6-8925-81E4-019FFA280AE7,95F694DC-B309-8990-8EBD-01A00F7CF19A,3F3C8648-B2D8-8264-9E1E-019FDCC445E7,Complete,9/4/2026 8:19,9/4/2026 8:22,9/4/2026 9:00,38,9/4/2026 8:19
744F3879-B370-85BA-8E39-019FDCC2082A,B10B1BE5-B8D6-8925-81E4-019FFA280AE7,95F694DC-B309-8990-8EBD-01A00F7CF19A,024F2AC1-40DE-8F28-8027-019FDCC64BE4,Complete,9/4/2026 9:10,9/4/2026 9:10,9/4/2026 10:10,60,9/4/2026 9:10
BDDD4BC8-7814-8CEF-8B75-01A06C6DBD10,BF6BEF26-9CB4-887D-90EB-019FDCBA6F01,D6B40C45-5D3A-8B23-973C-01A06C82AD51,73C8CED5-DF39-892E-91D4-019FDCC8BD1D,Complete,9/4/2026 13:08,9/4/2026 13:09,9/4/2026 13:39,30,9/4/2026 13:08
52022152-84CA-8986-913E-01A06C701D89,BF6BEF26-9CB4-887D-90EB-019FDCBA6F01,D6B40C45-5D3A-8B23-973C-01A06C82AD51,73C8CED5-DF39-892E-91D4-019FDCC8BD1D,Complete,9/4/2026 13:17,9/4/2026 13:18,9/4/2026 13:48,30,9/4/2026 13:17
8A2CE6A2-F778-821E-90AC-01A06C6BA481,BF6BEF26-9CB4-887D-90EB-019FDCBA6F01,D6B40C45-5D3A-8B23-973C-01A06C82AD51,DA44D833-BC2E-8F68-9B9A-019FDCC36F35,Complete,9/4/2026 13:32,9/4/2026 13:33,9/4/2026 14:04,31,9/4/2026 13:32
BDDD4BC8-7814-8CEF-8B75-01A06C6DBD10,BF6BEF26-9CB4-887D-90EB-019FDCBA6F01,3175825F-7C53-8339-8895-019FE14A36D7,024F2AC1-40DE-8F28-8027-019FDCC64BE4,Complete,9/4/2026 14:09,9/4/2026 14:09,9/4/2026 15:09,60,9/4/2026 14:09
8A2CE6A2-F778-821E-90AC-01A06C6BA481,BF6BEF26-9CB4-887D-90EB-019FDCBA6F01,A4BC5697-17DD-8EDD-9AAF-01A06D6340D6,97D5B2E1-8296-8D44-947E-019FDCC5201D,Complete,9/5/2026 4:44,9/5/2026 4:46,9/5/2026 5:19,33,9/5/2026 4:44
BDDD4BC8-7814-8CEF-8B75-01A06C6DBD10,BF6BEF26-9CB4-887D-90EB-019FDCBA6F01,A4BC5697-17DD-8EDD-9AAF-01A06D6340D6,9496689D-76C0-8560-9CC2-019FDCC7517E,Complete,9/5/2026 5:58,9/5/2026 5:59,9/5/2026 6:39,40,9/5/2026 5:58
8A2CE6A2-F778-821E-90AC-01A06C6BA481,BF6BEF26-9CB4-887D-90EB-019FDCBA6F01,C7FE6C5E-A6B1-8852-8317-01A070252392,3F3C8648-B2D8-8264-9E1E-019FDCC445E7,AbortedUser,9/5/2026 6:01,9/5/2026 6:13,9/5/2026 6:13,0,9/5/2026 6:01
23DCB446-F5F1-8CCA-9E85-019FDCC161FD,B10B1BE5-B8D6-8925-81E4-019FFA280AE7,46D187E8-C873-85B8-9E5E-01A00FB87B59,DA44D833-BC2E-8F68-9B9A-019FDCC36F35,Complete,9/5/2026 6:12,9/5/2026 6:13,9/5/2026 6:49,36,9/5/2026 6:12
8A2CE6A2-F778-821E-90AC-01A06C6BA481,BF6BEF26-9CB4-887D-90EB-019FDCBA6F01,74B1756B-3B28-8D49-80A6-019FEAB52D8D,DA44D833-BC2E-8F68-9B9A-019FDCC36F35,AbortedUser,9/5/2026 6:50,9/5/2026 6:51,9/5/2026 7:20,29,9/5/2026 6:50
744F3879-B370-85BA-8E39-019FDCC2082A,B10B1BE5-B8D6-8925-81E4-019FFA280AE7,46D187E8-C873-85B8-9E5E-01A00FB87B59,024F2AC1-40DE-8F28-8027-019FDCC64BE4,Complete,9/5/2026 6:51,9/5/2026 6:51,9/5/2026 7:51,60,9/5/2026 6:51
23DCB446-F5F1-8CCA-9E85-019FDCC161FD,B10B1BE5-B8D6-8925-81E4-019FFA280AE7,46D187E8-C873-85B8-9E5E-01A00FB87B59,3F3C8648-B2D8-8264-9E1E-019FDCC445E7,Complete,9/5/2026 7:53,9/5/2026 7:55,9/5/2026 8:31,36,9/5/2026 7:53
23DCB446-F5F1-8CCA-9E85-019FDCC161FD,B10B1BE5-B8D6-8925-81E4-019FFA280AE7,E78D0FA2-5FD6-8384-968B-01A05DB87356,3F3C8648-B2D8-8264-9E1E-019FDCC445E7,Complete,9/5/2026 8:59,9/5/2026 9:04,9/5/2026 9:42,38,9/5/2026 8:59
744F3879-B370-85BA-8E39-019FDCC2082A,B10B1BE5-B8D6-8925-81E4-019FFA280AE7,E78D0FA2-5FD6-8384-968B-01A05DB87356,024F2AC1-40DE-8F28-8027-019FDCC64BE4,Complete,9/5/2026 9:42,9/5/2026 9:47,9/5/2026 10:47,60,9/5/2026 9:42
8A2CE6A2-F778-821E-90AC-01A06C6BA481,BF6BEF26-9CB4-887D-90EB-019FDCBA6F01,74B1756B-3B28-8D49-80A6-019FEAB52D8D,DA44D833-BC2E-8F68-9B9A-019FDCC36F35,Complete,9/5/2026 10:41,9/5/2026 10:42,9/5/2026 11:13,31,9/5/2026 10:41
BDDD4BC8-7814-8CEF-8B75-01A06C6DBD10,BF6BEF26-9CB4-887D-90EB-019FDCBA6F01,A4BC5697-17DD-8EDD-9AAF-01A06D6340D6,9496689D-76C0-8560-9CC2-019FDCC7517E,AbortedUser,9/5/2026 10:49,9/5/2026 10:51,9/5/2026 12:29,98,9/5/2026 10:49
744F3879-B370-85BA-8E39-019FDCC2082A,B10B1BE5-B8D6-8925-81E4-019FFA280AE7,46D187E8-C873-85B8-9E5E-01A00FB87B59,024F2AC1-40DE-8F28-8027-019FDCC64BE4,Complete,9/5/2026 10:58,9/5/2026 10:59,9/5/2026 11:59,60,9/5/2026 10:58
23DCB446-F5F1-8CCA-9E85-019FDCC161FD,B10B1BE5-B8D6-8925-81E4-019FFA280AE7,EE15422E-9045-8857-923B-01A02A8F45F0,DA44D833-BC2E-8F68-9B9A-019FDCC36F35,Complete,9/5/2026 12:44,9/5/2026 12:46,9/5/2026 13:22,36,9/5/2026 12:44
744F3879-B370-85BA-8E39-019FDCC2082A,B10B1BE5-B8D6-8925-81E4-019FFA280AE7,EE15422E-9045-8857-923B-01A02A8F45F0,024F2AC1-40DE-8F28-8027-019FDCC64BE4,Complete,9/5/2026 13:25,9/5/2026 13:25,9/5/2026 14:25,60,9/5/2026 13:25
23DCB446-F5F1-8CCA-9E85-019FDCC161FD,B10B1BE5-B8D6-8925-81E4-019FFA280AE7,F3E7F723-176C-895F-8677-01A071D40DD6,3F3C8648-B2D8-8264-9E1E-019FDCC445E7,Complete,9/5/2026 13:52,9/5/2026 13:53,9/5/2026 14:29,36,9/5/2026 13:52
9CCBE0DA-AE2F-8826-9F6C-01A06C6E6022,BF6BEF26-9CB4-887D-90EB-019FDCBA6F01,74B1756B-3B28-8D49-80A6-019FEAB52D8D,DA44D833-BC2E-8F68-9B9A-019FDCC36F35,Complete,9/5/2026 14:08,9/5/2026 14:09,9/5/2026 14:39,30,9/5/2026 14:08
744F3879-B370-85BA-8E39-019FDCC2082A,B10B1BE5-B8D6-8925-81E4-019FFA280AE7,F3E7F723-176C-895F-8677-01A071D40DD6,024F2AC1-40DE-8F28-8027-019FDCC64BE4,Complete,9/5/2026 14:35,9/5/2026 14:36,9/5/2026 15:35,59,9/5/2026 14:35
BDDD4BC8-7814-8CEF-8B75-01A06C6DBD10,BF6BEF26-9CB4-887D-90EB-019FDCBA6F01,74B1756B-3B28-8D49-80A6-019FEAB52D8D,9496689D-76C0-8560-9CC2-019FDCC7517E,Complete,9/5/2026 14:39,9/5/2026 14:40,9/5/2026 15:20,40,9/5/2026 14:39
23DCB446-F5F1-8CCA-9E85-019FDCC161FD,B10B1BE5-B8D6-8925-81E4-019FFA280AE7,00E03282-1886-80A1-8502-01A072026CB3,3F3C8648-B2D8-8264-9E1E-019FDCC445E7,Complete,9/5/2026 14:52,9/5/2026 15:04,9/5/2026 15:41,37,9/5/2026 14:52
744F3879-B370-85BA-8E39-019FDCC2082A,B10B1BE5-B8D6-8925-81E4-019FFA280AE7,00E03282-1886-80A1-8502-01A072026CB3,9496689D-76C0-8560-9CC2-019FDCC7517E,Complete,9/5/2026 15:43,9/5/2026 15:51,9/5/2026 16:51,60,9/5/2026 15:43
23DCB446-F5F1-8CCA-9E85-019FDCC161FD,B10B1BE5-B8D6-8925-81E4-019FFA280AE7,18A1B1FB-89CE-888D-9187-01A0719BA9BB,DA44D833-BC2E-8F68-9B9A-019FDCC36F35,Complete,9/5/2026 16:24,9/5/2026 16:29,9/5/2026 17:09,40,9/5/2026 16:24
23DCB446-F5F1-8CCA-9E85-019FDCC161FD,B10B1BE5-B8D6-8925-81E4-019FFA280AE7,ABB32F35-6100-87D8-9B23-01A02E4ABDBA,DA44D833-BC2E-8F68-9B9A-019FDCC36F35,Complete,9/5/2026 18:30,9/5/2026 18:31,9/5/2026 19:05,34,9/5/2026 18:30
744F3879-B370-85BA-8E39-019FDCC2082A,B10B1BE5-B8D6-8925-81E4-019FFA280AE7,ABB32F35-6100-87D8-9B23-01A02E4ABDBA,024F2AC1-40DE-8F28-8027-019FDCC64BE4,Complete,9/5/2026 19:08,9/5/2026 19:09,9/5/2026 20:09,60,9/5/2026 19:08
23DCB446-F5F1-8CCA-9E85-019FDCC161FD,B10B1BE5-B8D6-8925-81E4-019FFA280AE7,E5096CF0-F53D-8126-9DEA-01A05745E8CE,DA44D833-BC2E-8F68-9B9A-019FDCC36F35,Complete,9/6/2026 2:43,9/6/2026 2:45,9/6/2026 3:22,37,9/6/2026 2:43
23DCB446-F5F1-8CCA-9E85-019FDCC161FD,B10B1BE5-B8D6-8925-81E4-019FFA280AE7,D796C03E-2F3B-8C43-9090-01A04CAEA220,DA44D833-BC2E-8F68-9B9A-019FDCC36F35,Complete,9/6/2026 8:35,9/6/2026 8:36,9/6/2026 9:15,39,9/6/2026 8:35
744F3879-B370-85BA-8E39-019FDCC2082A,B10B1BE5-B8D6-8925-81E4-019FFA280AE7,D796C03E-2F3B-8C43-9090-01A04CAEA220,024F2AC1-40DE-8F28-8027-019FDCC64BE4,Complete,9/6/2026 9:19,9/6/2026 9:19,9/6/2026 10:19,60,9/6/2026 9:19
9CCBE0DA-AE2F-8826-9F6C-01A06C6E6022,BF6BEF26-9CB4-887D-90EB-019FDCBA6F01,F213BB7A-2C04-8100-958A-019FDCD06DE7,3F3C8648-B2D8-8264-9E1E-019FDCC445E7,Complete,9/6/2026 10:51,9/6/2026 10:57,9/6/2026 11:35,38,9/6/2026 10:51
BDDD4BC8-7814-8CEF-8B75-01A06C6DBD10,BF6BEF26-9CB4-887D-90EB-019FDCBA6F01,F213BB7A-2C04-8100-958A-019FDCD06DE7,024F2AC1-40DE-8F28-8027-019FDCC64BE4,Complete,9/6/2026 11:36,9/6/2026 11:37,9/6/2026 12:37,60,9/6/2026 11:36
23DCB446-F5F1-8CCA-9E85-019FDCC161FD,B10B1BE5-B8D6-8925-81E4-019FFA280AE7,CB1162F7-4D2B-8564-8FAE-01A029D6CACE,DA44D833-BC2E-8F68-9B9A-019FDCC36F35,Complete,9/6/2026 11:56,9/6/2026 11:59,9/6/2026 12:37,38,9/6/2026 11:56
744F3879-B370-85BA-8E39-019FDCC2082A,B10B1BE5-B8D6-8925-81E4-019FFA280AE7,CB1162F7-4D2B-8564-8FAE-01A029D6CACE,024F2AC1-40DE-8F28-8027-019FDCC64BE4,Complete,9/6/2026 12:39,9/6/2026 12:40,9/6/2026 13:40,60,9/6/2026 12:39
23DCB446-F5F1-8CCA-9E85-019FDCC161FD,B10B1BE5-B8D6-8925-81E4-019FFA280AE7,816A5583-770F-8B8D-8FDA-01A0293B7FBC,DA44D833-BC2E-8F68-9B9A-019FDCC36F35,Complete,9/6/2026 13:15,9/6/2026 13:16,9/6/2026 13:52,36,9/6/2026 13:15
744F3879-B370-85BA-8E39-019FDCC2082A,B10B1BE5-B8D6-8925-81E4-019FFA280AE7,816A5583-770F-8B8D-8FDA-01A0293B7FBC,024F2AC1-40DE-8F28-8027-019FDCC64BE4,Complete,9/6/2026 13:53,9/6/2026 13:55,9/6/2026 14:54,59,9/6/2026 13:53
23DCB446-F5F1-8CCA-9E85-019FDCC161FD,B10B1BE5-B8D6-8925-81E4-019FFA280AE7,0B80721C-7A24-8E46-8A3D-01A019B61B0B,3F3C8648-B2D8-8264-9E1E-019FDCC445E7,Complete,9/6/2026 16:01,9/6/2026 16:04,9/6/2026 16:42,38,9/6/2026 16:01
744F3879-B370-85BA-8E39-019FDCC2082A,B10B1BE5-B8D6-8925-81E4-019FFA280AE7,0B80721C-7A24-8E46-8A3D-01A019B61B0B,024F2AC1-40DE-8F28-8027-019FDCC64BE4,Complete,9/6/2026 16:44,9/6/2026 16:46,9/6/2026 17:46,60,9/6/2026 16:44
BDDD4BC8-7814-8CEF-8B75-01A06C6DBD10,BF6BEF26-9CB4-887D-90EB-019FDCBA6F01,A4BC5697-17DD-8EDD-9AAF-01A06D6340D6,8A1C3C0E-7E35-87F5-8AEC-01A07A4E256A,Complete,9/7/2026 5:37,9/7/2026 5:38,9/7/2026 6:18,40,9/7/2026 5:37
8A2CE6A2-F778-821E-90AC-01A06C6BA481,BF6BEF26-9CB4-887D-90EB-019FDCBA6F01,1309F032-A279-8D30-9006-01A07A7552F7,DA44D833-BC2E-8F68-9B9A-019FDCC36F35,Complete,9/7/2026 6:02,9/7/2026 6:07,9/7/2026 6:39,32,9/7/2026 6:02
BDDD4BC8-7814-8CEF-8B75-01A06C6DBD10,BF6BEF26-9CB4-887D-90EB-019FDCBA6F01,1309F032-A279-8D30-9006-01A07A7552F7,9496689D-76C0-8560-9CC2-019FDCC7517E,Complete,9/7/2026 6:52,9/7/2026 7:02,9/7/2026 7:41,39,9/7/2026 6:52
8A2CE6A2-F778-821E-90AC-01A06C6BA481,BF6BEF26-9CB4-887D-90EB-019FDCBA6F01,74B1756B-3B28-8D49-80A6-019FEAB52D8D,DA44D833-BC2E-8F68-9B9A-019FDCC36F35,Complete,9/7/2026 8:41,9/7/2026 8:41,9/7/2026 9:14,33,9/7/2026 8:41
23DCB446-F5F1-8CCA-9E85-019FDCC161FD,B10B1BE5-B8D6-8925-81E4-019FFA280AE7,0B80721C-7A24-8E46-8A3D-01A019B61B0B,3F3C8648-B2D8-8264-9E1E-019FDCC445E7,Complete,9/7/2026 10:35,9/7/2026 10:36,9/7/2026 11:12,36,9/7/2026 10:35
744F3879-B370-85BA-8E39-019FDCC2082A,B10B1BE5-B8D6-8925-81E4-019FFA280AE7,0B80721C-7A24-8E46-8A3D-01A019B61B0B,024F2AC1-40DE-8F28-8027-019FDCC64BE4,Complete,9/7/2026 11:14,9/7/2026 11:17,9/7/2026 12:17,60,9/7/2026 11:14
23DCB446-F5F1-8CCA-9E85-019FDCC161FD,B10B1BE5-B8D6-8925-81E4-019FFA280AE7,7B1D8061-7F2A-8FC7-9C47-01A07BB525BF,3F3C8648-B2D8-8264-9E1E-019FDCC445E7,Complete,9/7/2026 11:54,9/7/2026 11:58,9/7/2026 12:33,35,9/7/2026 11:54
23DCB446-F5F1-8CCA-9E85-019FDCC161FD,B10B1BE5-B8D6-8925-81E4-019FFA280AE7,039E1EC6-8966-878B-95AE-01A07C8DBFFB,3F3C8648-B2D8-8264-9E1E-019FDCC445E7,Complete,9/7/2026 15:56,9/7/2026 15:57,9/7/2026 16:32,35,9/7/2026 15:56
744F3879-B370-85BA-8E39-019FDCC2082A,B10B1BE5-B8D6-8925-81E4-019FFA280AE7,039E1EC6-8966-878B-95AE-01A07C8DBFFB,024F2AC1-40DE-8F28-8027-019FDCC64BE4,Complete,9/7/2026 16:35,9/7/2026 16:38,9/7/2026 17:37,59,9/7/2026 16:35
23DCB446-F5F1-8CCA-9E85-019FDCC161FD,B10B1BE5-B8D6-8925-81E4-019FFA280AE7,46D187E8-C873-85B8-9E5E-01A00FB87B59,DA44D833-BC2E-8F68-9B9A-019FDCC36F35,Complete,9/8/2026 1:53,9/8/2026 1:54,9/8/2026 2:30,36,9/8/2026 1:53
744F3879-B370-85BA-8E39-019FDCC2082A,B10B1BE5-B8D6-8925-81E4-019FFA280AE7,46D187E8-C873-85B8-9E5E-01A00FB87B59,024F2AC1-40DE-8F28-8027-019FDCC64BE4,Complete,9/8/2026 2:34,9/8/2026 2:35,9/8/2026 3:35,60,9/8/2026 2:34
8A2CE6A2-F778-821E-90AC-01A06C6BA481,BF6BEF26-9CB4-887D-90EB-019FDCBA6F01,A4BC5697-17DD-8EDD-9AAF-01A06D6340D6,3F3C8648-B2D8-8264-9E1E-019FDCC445E7,Complete,9/8/2026 4:09,9/8/2026 4:10,9/8/2026 4:41,31,9/8/2026 4:09
9CCBE0DA-AE2F-8826-9F6C-01A06C6E6022,BF6BEF26-9CB4-887D-90EB-019FDCBA6F01,E2C70528-D25A-8C99-9029-01A07B6E9FC9,DA44D833-BC2E-8F68-9B9A-019FDCC36F35,Complete,9/8/2026 4:39,9/8/2026 4:40,9/8/2026 5:13,33,9/8/2026 4:39
BDDD4BC8-7814-8CEF-8B75-01A06C6DBD10,BF6BEF26-9CB4-887D-90EB-019FDCBA6F01,E2C70528-D25A-8C99-9029-01A07B6E9FC9,024F2AC1-40DE-8F28-8027-019FDCC64BE4,Complete,9/8/2026 5:32,9/8/2026 5:33,9/8/2026 6:13,40,9/8/2026 5:32
8A2CE6A2-F778-821E-90AC-01A06C6BA481,BF6BEF26-9CB4-887D-90EB-019FDCBA6F01,FB3799BB-58DE-85C3-9399-01A07F8E7FA1,DA44D833-BC2E-8F68-9B9A-019FDCC36F35,Complete,9/8/2026 5:50,9/8/2026 5:51,9/8/2026 6:25,34,9/8/2026 5:50
8C1CAA8B-D525-82A9-95F7-01A075E902D6,BF6BEF26-9CB4-887D-90EB-019FDCBA6F01,2F233803-0B59-8D23-88F8-019FDCD17FBB,3F3C8648-B2D8-8264-9E1E-019FDCC445E7,Complete,9/8/2026 6:13,9/8/2026 6:14,9/8/2026 7:03,49,9/8/2026 6:13
23DCB446-F5F1-8CCA-9E85-019FDCC161FD,B10B1BE5-B8D6-8925-81E4-019FFA280AE7,D7F02119-56F6-8824-85C6-01A05DCECB1A,3F3C8648-B2D8-8264-9E1E-019FDCC445E7,Complete,9/8/2026 6:15,9/8/2026 6:16,9/8/2026 6:52,36,9/8/2026 6:15
8A2CE6A2-F778-821E-90AC-01A06C6BA481,BF6BEF26-9CB4-887D-90EB-019FDCBA6F01,6BD91802-7808-8587-82BE-01A07FB41081,DA44D833-BC2E-8F68-9B9A-019FDCC36F35,Complete,9/8/2026 6:29,9/8/2026 6:29,9/8/2026 7:01,32,9/8/2026 6:29
BDDD4BC8-7814-8CEF-8B75-01A06C6DBD10,BF6BEF26-9CB4-887D-90EB-019FDCBA6F01,FB3799BB-58DE-85C3-9399-01A07F8E7FA1,024F2AC1-40DE-8F28-8027-019FDCC64BE4,Complete,9/8/2026 6:41,9/8/2026 6:44,9/8/2026 7:44,60,9/8/2026 6:41
744F3879-B370-85BA-8E39-019FDCC2082A,B10B1BE5-B8D6-8925-81E4-019FFA280AE7,D7F02119-56F6-8824-85C6-01A05DCECB1A,024F2AC1-40DE-8F28-8027-019FDCC64BE4,Complete,9/8/2026 6:54,9/8/2026 6:56,9/8/2026 7:55,59,9/8/2026 6:54
8A2CE6A2-F778-821E-90AC-01A06C6BA481,BF6BEF26-9CB4-887D-90EB-019FDCBA6F01,74B1756B-3B28-8D49-80A6-019FEAB52D8D,DA44D833-BC2E-8F68-9B9A-019FDCC36F35,Complete,9/8/2026 7:15,9/8/2026 7:16,9/8/2026 7:47,31,9/8/2026 7:15
8A2CE6A2-F778-821E-90AC-01A06C6BA481,BF6BEF26-9CB4-887D-90EB-019FDCBA6F01,84FDD74C-E676-8261-987A-01A07BEB307C,DA44D833-BC2E-8F68-9B9A-019FDCC36F35,Complete,9/8/2026 7:51,9/8/2026 7:53,9/8/2026 8:25,32,9/8/2026 7:51
B5429269-181E-8A8C-8887-01A075EA0B7C,BF6BEF26-9CB4-887D-90EB-019FDCBA6F01,2F233803-0B59-8D23-88F8-019FDCD17FBB,DA44D833-BC2E-8F68-9B9A-019FDCC36F35,Complete,9/8/2026 8:21,9/8/2026 8:23,9/8/2026 9:01,38,9/8/2026 8:21
E7997E11-0962-8547-8DF5-01A075EC8EE6,BF6BEF26-9CB4-887D-90EB-019FDCBA6F01,2F233803-0B59-8D23-88F8-019FDCD17FBB,024F2AC1-40DE-8F28-8027-019FDCC64BE4,Complete,9/8/2026 9:01,9/8/2026 9:04,9/8/2026 9:55,51,9/8/2026 9:01
BDDD4BC8-7814-8CEF-8B75-01A06C6DBD10,BF6BEF26-9CB4-887D-90EB-019FDCBA6F01,84FDD74C-E676-8261-987A-01A07BEB307C,024F2AC1-40DE-8F28-8027-019FDCC64BE4,AbortedUser,9/8/2026 9:53,9/8/2026 9:56,9/8/2026 9:57,1,9/8/2026 9:53
BDDD4BC8-7814-8CEF-8B75-01A06C6DBD10,BF6BEF26-9CB4-887D-90EB-019FDCBA6F01,84FDD74C-E676-8261-987A-01A07BEB307C,9496689D-76C0-8560-9CC2-019FDCC7517E,Complete,9/8/2026 9:58,9/8/2026 9:58,9/8/2026 10:38,40,9/8/2026 9:58
E7997E11-0962-8547-8DF5-01A075EC8EE6,BF6BEF26-9CB4-887D-90EB-019FDCBA6F01,A4BC5697-17DD-8EDD-9AAF-01A06D6340D6,8A1C3C0E-7E35-87F5-8AEC-01A07A4E256A,AbortedUser,9/8/2026 10:48,9/8/2026 10:49,9/8/2026 10:50,1,9/8/2026 10:48
8C1CAA8B-D525-82A9-95F7-01A075E902D6,DA7B314F-EC6B-8EFA-9FBC-01A066A14E6B,5073B05A-90B1-82C4-87B7-01A071CE3B98,97D5B2E1-8296-8D44-947E-019FDCC5201D,Complete,9/8/2026 11:06,9/8/2026 11:08,9/8/2026 11:49,41,9/8/2026 11:06
1DD4109C-0003-846D-9E16-01A075E98967,DA7B314F-EC6B-8EFA-9FBC-01A066A14E6B,5073B05A-90B1-82C4-87B7-01A071CE3B98,9496689D-76C0-8560-9CC2-019FDCC7517E,Complete,9/8/2026 11:51,9/8/2026 11:54,9/8/2026 12:34,40,9/8/2026 11:51
8A2CE6A2-F778-821E-90AC-01A06C6BA481,BF6BEF26-9CB4-887D-90EB-019FDCBA6F01,A4BC5697-17DD-8EDD-9AAF-01A06D6340D6,54A83CB1-FC42-867F-923E-019FDCC5C5BB,Complete,9/8/2026 11:56,9/8/2026 11:59,9/8/2026 12:29,30,9/8/2026 11:56
23DCB446-F5F1-8CCA-9E85-019FDCC161FD,B10B1BE5-B8D6-8925-81E4-019FFA280AE7,63B23A26-7A05-88D5-84FE-01A080E41973,3F3C8648-B2D8-8264-9E1E-019FDCC445E7,Complete,9/8/2026 12:04,9/8/2026 12:05,9/8/2026 12:45,40,9/8/2026 12:04
744F3879-B370-85BA-8E39-019FDCC2082A,B10B1BE5-B8D6-8925-81E4-019FFA280AE7,63B23A26-7A05-88D5-84FE-01A080E41973,024F2AC1-40DE-8F28-8027-019FDCC64BE4,Complete,9/8/2026 12:46,9/8/2026 12:49,9/8/2026 13:48,59,9/8/2026 12:46
23DCB446-F5F1-8CCA-9E85-019FDCC161FD,B10B1BE5-B8D6-8925-81E4-019FFA280AE7,EA2D1D5E-639A-8785-8661-01A02FA587E2,DA44D833-BC2E-8F68-9B9A-019FDCC36F35,Complete,9/8/2026 14:48,9/8/2026 14:49,9/8/2026 15:28,39,9/8/2026 14:48
744F3879-B370-85BA-8E39-019FDCC2082A,B10B1BE5-B8D6-8925-81E4-019FFA280AE7,EA2D1D5E-639A-8785-8661-01A02FA587E2,024F2AC1-40DE-8F28-8027-019FDCC64BE4,Complete,9/8/2026 15:33,9/8/2026 15:34,9/8/2026 16:33,59,9/8/2026 15:33
9CCBE0DA-AE2F-8826-9F6C-01A06C6E6022,BF6BEF26-9CB4-887D-90EB-019FDCBA6F01,03DB3AAF-4B0F-85FA-8EA0-01A085309373,DA44D833-BC2E-8F68-9B9A-019FDCC36F35,Complete,9/9/2026 8:10,9/9/2026 8:14,9/9/2026 8:48,34,9/9/2026 8:10
BDDD4BC8-7814-8CEF-8B75-01A06C6DBD10,BF6BEF26-9CB4-887D-90EB-019FDCBA6F01,03DB3AAF-4B0F-85FA-8EA0-01A085309373,024F2AC1-40DE-8F28-8027-019FDCC64BE4,Complete,9/9/2026 9:25,9/9/2026 9:25,9/9/2026 10:27,62,9/9/2026 9:25
9CCBE0DA-AE2F-8826-9F6C-01A06C6E6022,BF6BEF26-9CB4-887D-90EB-019FDCBA6F01,A4BC5697-17DD-8EDD-9AAF-01A06D6340D6,DA44D833-BC2E-8F68-9B9A-019FDCC36F35,Complete,9/9/2026 9:55,9/9/2026 9:56,9/9/2026 10:29,33,9/9/2026 9:55
BDDD4BC8-7814-8CEF-8B75-01A06C6DBD10,BF6BEF26-9CB4-887D-90EB-019FDCBA6F01,A4BC5697-17DD-8EDD-9AAF-01A06D6340D6,024F2AC1-40DE-8F28-8027-019FDCC64BE4,Complete,9/9/2026 10:30,9/9/2026 10:31,9/9/2026 11:31,60,9/9/2026 10:30
9CCBE0DA-AE2F-8826-9F6C-01A06C6E6022,BF6BEF26-9CB4-887D-90EB-019FDCBA6F01,A4BC5697-17DD-8EDD-9AAF-01A06D6340D6,DA44D833-BC2E-8F68-9B9A-019FDCC36F35,Complete,9/9/2026 13:48,9/9/2026 13:49,9/9/2026 14:19,30,9/9/2026 13:48
23DCB446-F5F1-8CCA-9E85-019FDCC161FD,B10B1BE5-B8D6-8925-81E4-019FFA280AE7,E5096CF0-F53D-8126-9DEA-01A05745E8CE,3F3C8648-B2D8-8264-9E1E-019FDCC445E7,Complete,9/9/2026 13:56,9/9/2026 13:57,9/9/2026 14:32,35,9/9/2026 13:56
8A2CE6A2-F778-821E-90AC-01A06C6BA481,BF6BEF26-9CB4-887D-90EB-019FDCBA6F01,3175825F-7C53-8339-8895-019FE14A36D7,DA44D833-BC2E-8F68-9B9A-019FDCC36F35,Complete,9/9/2026 14:00,9/9/2026 14:01,9/9/2026 14:32,31,9/9/2026 14:00
744F3879-B370-85BA-8E39-019FDCC2082A,B10B1BE5-B8D6-8925-81E4-019FFA280AE7,E5096CF0-F53D-8126-9DEA-01A05745E8CE,9496689D-76C0-8560-9CC2-019FDCC7517E,Complete,9/9/2026 14:34,9/9/2026 14:35,9/9/2026 15:14,39,9/9/2026 14:34
23DCB446-F5F1-8CCA-9E85-019FDCC161FD,B10B1BE5-B8D6-8925-81E4-019FFA280AE7,C77D3131-2118-8CE1-9F2C-01A0281378FE,3F3C8648-B2D8-8264-9E1E-019FDCC445E7,Complete,9/9/2026 15:13,9/9/2026 15:13,9/9/2026 15:50,37,9/9/2026 15:13
744F3879-B370-85BA-8E39-019FDCC2082A,B10B1BE5-B8D6-8925-81E4-019FFA280AE7,C77D3131-2118-8CE1-9F2C-01A0281378FE,024F2AC1-40DE-8F28-8027-019FDCC64BE4,Complete,9/9/2026 15:51,9/9/2026 15:54,9/9/2026 16:56,62,9/9/2026 15:51
8C1CAA8B-D525-82A9-95F7-01A075E902D6,DA7B314F-EC6B-8EFA-9FBC-01A066A14E6B,21A8ACFA-E992-8D24-8695-01A071CE1B9A,3F3C8648-B2D8-8264-9E1E-019FDCC445E7,Complete,9/9/2026 15:55,9/9/2026 15:59,9/9/2026 16:36,37,9/9/2026 15:55
6296CC53-A1DD-86DE-84E1-01A075EBC49F,DA7B314F-EC6B-8EFA-9FBC-01A066A14E6B,5149EF04-E23A-84B5-836A-01A071CE1879,3F3C8648-B2D8-8264-9E1E-019FDCC445E7,Complete,9/9/2026 16:19,9/9/2026 16:22,9/9/2026 17:16,54,9/9/2026 16:19
1DD4109C-0003-846D-9E16-01A075E98967,DA7B314F-EC6B-8EFA-9FBC-01A066A14E6B,21A8ACFA-E992-8D24-8695-01A071CE1B9A,73C8CED5-DF39-892E-91D4-019FDCC8BD1D,Complete,9/9/2026 16:37,9/9/2026 16:43,9/9/2026 17:38,55,9/9/2026 16:37
B5429269-181E-8A8C-8887-01A075EA0B7C,DA7B314F-EC6B-8EFA-9FBC-01A066A14E6B,F18F5FD3-1CFA-8B11-8501-01A071CE6C2B,3F3C8648-B2D8-8264-9E1E-019FDCC445E7,Complete,9/9/2026 16:40,9/9/2026 16:50,9/9/2026 17:38,48,9/9/2026 16:40
8C1CAA8B-D525-82A9-95F7-01A075E902D6,DA7B314F-EC6B-8EFA-9FBC-01A066A14E6B,A9C0E6EF-EE9D-8EA4-987C-01A071CE0375,3F3C8648-B2D8-8264-9E1E-019FDCC445E7,Complete,9/9/2026 17:02,9/9/2026 17:05,9/9/2026 17:47,42,9/9/2026 17:02
7E61E290-888B-8021-8F30-01A075EB2EE0,DA7B314F-EC6B-8EFA-9FBC-01A066A14E6B,5149EF04-E23A-84B5-836A-01A071CE1879,73C8CED5-DF39-892E-91D4-019FDCC8BD1D,Complete,9/9/2026 17:16,9/9/2026 17:18,9/9/2026 17:48,30,9/9/2026 17:16
E7997E11-0962-8547-8DF5-01A075EC8EE6,DA7B314F-EC6B-8EFA-9FBC-01A066A14E6B,F18F5FD3-1CFA-8B11-8501-01A071CE6C2B,9496689D-76C0-8560-9CC2-019FDCC7517E,Complete,9/9/2026 17:39,9/9/2026 17:42,9/9/2026 18:22,40,9/9/2026 17:39
8C1CAA8B-D525-82A9-95F7-01A075E902D6,DA7B314F-EC6B-8EFA-9FBC-01A066A14E6B,49E2F04B-68B6-89AA-98C2-01A071CE0DC8,3F3C8648-B2D8-8264-9E1E-019FDCC445E7,Complete,9/10/2026 0:47,9/10/2026 0:55,9/10/2026 1:35,40,9/10/2026 0:47
B5429269-181E-8A8C-8887-01A075EA0B7C,DA7B314F-EC6B-8EFA-9FBC-01A066A14E6B,2A9742E9-7787-8050-9C00-01A071CE10E3,3F3C8648-B2D8-8264-9E1E-019FDCC445E7,Faulted,9/10/2026 1:01,9/10/2026 1:12,NULL,NULL,9/10/2026 1:01
8A2CE6A2-F778-821E-90AC-01A06C6BA481,BF6BEF26-9CB4-887D-90EB-019FDCBA6F01,A561781B-D835-860B-81FB-01A0898B0B46,DA44D833-BC2E-8F68-9B9A-019FDCC36F35,Complete,9/10/2026 6:32,9/10/2026 6:33,9/10/2026 7:07,34,9/10/2026 6:32
52022152-84CA-8986-913E-01A06C701D89,BF6BEF26-9CB4-887D-90EB-019FDCBA6F01,A561781B-D835-860B-81FB-01A0898B0B46,024F2AC1-40DE-8F28-8027-019FDCC64BE4,Complete,9/10/2026 7:40,9/10/2026 7:40,9/10/2026 9:04,84,9/10/2026 7:40
8A2CE6A2-F778-821E-90AC-01A06C6BA481,BF6BEF26-9CB4-887D-90EB-019FDCBA6F01,06767588-391C-8968-9EBD-019FDF9DFFDC,DA44D833-BC2E-8F68-9B9A-019FDCC36F35,AbortedUser,9/10/2026 9:52,9/10/2026 10:01,9/10/2026 10:02,1,9/10/2026 9:52
52022152-84CA-8986-913E-01A06C701D89,BF6BEF26-9CB4-887D-90EB-019FDCBA6F01,06767588-391C-8968-9EBD-019FDF9DFFDC,024F2AC1-40DE-8F28-8027-019FDCC64BE4,AbortedUser,9/10/2026 10:05,9/10/2026 10:06,9/10/2026 10:12,6,9/10/2026 10:05
8C1CAA8B-D525-82A9-95F7-01A075E902D6,DA7B314F-EC6B-8EFA-9FBC-01A066A14E6B,FBFE5B46-5AC9-8248-8A4F-01A071CE16D5,3F3C8648-B2D8-8264-9E1E-019FDCC445E7,Complete,9/10/2026 10:39,9/10/2026 10:43,9/10/2026 11:33,50,9/10/2026 10:39
52022152-84CA-8986-913E-01A06C701D89,BF6BEF26-9CB4-887D-90EB-019FDCBA6F01,A4BC5697-17DD-8EDD-9AAF-01A06D6340D6,73C8CED5-DF39-892E-91D4-019FDCC8BD1D,Complete,9/10/2026 10:44,9/10/2026 10:45,9/10/2026 11:15,30,9/10/2026 10:44
B5429269-181E-8A8C-8887-01A075EA0B7C,DA7B314F-EC6B-8EFA-9FBC-01A066A14E6B,CBFCF706-A7AA-8A79-86F7-01A071CE31A1,3F3C8648-B2D8-8264-9E1E-019FDCC445E7,Complete,9/10/2026 11:06,9/10/2026 11:15,9/10/2026 12:13,58,9/10/2026 11:06
6296CC53-A1DD-86DE-84E1-01A075EBC49F,DA7B314F-EC6B-8EFA-9FBC-01A066A14E6B,09D387C2-F609-86DD-9BA3-01A071CE2B61,3F3C8648-B2D8-8264-9E1E-019FDCC445E7,Complete,9/10/2026 11:07,9/10/2026 11:15,9/10/2026 12:14,59,9/10/2026 11:07
1DD4109C-0003-846D-9E16-01A075E98967,DA7B314F-EC6B-8EFA-9FBC-01A066A14E6B,FBFE5B46-5AC9-8248-8A4F-01A071CE16D5,024F2AC1-40DE-8F28-8027-019FDCC64BE4,Complete,9/10/2026 11:34,9/10/2026 11:37,9/10/2026 12:27,50,9/10/2026 11:34
8A2CE6A2-F778-821E-90AC-01A06C6BA481,BF6BEF26-9CB4-887D-90EB-019FDCBA6F01,A4CDAD44-A834-8297-8CA3-01A08B3092B4,DA44D833-BC2E-8F68-9B9A-019FDCC36F35,Complete,9/10/2026 12:09,9/10/2026 12:10,9/10/2026 12:45,35,9/10/2026 12:09
6296CC53-A1DD-86DE-84E1-01A075EBC49F,DA7B314F-EC6B-8EFA-9FBC-01A066A14E6B,3686E697-C18E-823F-85AE-01A071CE424B,3F3C8648-B2D8-8264-9E1E-019FDCC445E7,Complete,9/10/2026 13:28,9/10/2026 13:34,9/10/2026 16:07,153,9/10/2026 13:28
23DCB446-F5F1-8CCA-9E85-019FDCC161FD,B10B1BE5-B8D6-8925-81E4-019FFA280AE7,C77D3131-2118-8CE1-9F2C-01A0281378FE,3F3C8648-B2D8-8264-9E1E-019FDCC445E7,Complete,9/10/2026 13:28,9/10/2026 13:29,9/10/2026 14:04,35,9/10/2026 13:28
8C1CAA8B-D525-82A9-95F7-01A075E902D6,DA7B314F-EC6B-8EFA-9FBC-01A066A14E6B,5B1C14C7-EA18-8E23-9609-01A071C9ED41,DA44D833-BC2E-8F68-9B9A-019FDCC36F35,Complete,9/10/2026 13:45,9/10/2026 13:57,9/10/2026 15:58,121,9/10/2026 13:45
B5429269-181E-8A8C-8887-01A075EA0B7C,DA7B314F-EC6B-8EFA-9FBC-01A066A14E6B,7C8E2EF7-1A33-82D8-9A36-01A071CE64C0,DA44D833-BC2E-8F68-9B9A-019FDCC36F35,Complete,9/10/2026 13:58,9/10/2026 14:01,9/10/2026 16:04,123,9/10/2026 13:58
744F3879-B370-85BA-8E39-019FDCC2082A,B10B1BE5-B8D6-8925-81E4-019FFA280AE7,C77D3131-2118-8CE1-9F2C-01A0281378FE,024F2AC1-40DE-8F28-8027-019FDCC64BE4,Complete,9/10/2026 14:06,9/10/2026 14:07,9/10/2026 15:06,59,9/10/2026 14:06
1DD4109C-0003-846D-9E16-01A075E98967,DA7B314F-EC6B-8EFA-9FBC-01A066A14E6B,5B1C14C7-EA18-8E23-9609-01A071C9ED41,9496689D-76C0-8560-9CC2-019FDCC7517E,Faulted,9/10/2026 16:01,9/10/2026 16:03,NULL,NULL,9/10/2026 16:01
8C1CAA8B-D525-82A9-95F7-01A075E902D6,DA7B314F-EC6B-8EFA-9FBC-01A066A14E6B,C12A670A-D3ED-8034-995D-01A071CA25B0,DA44D833-BC2E-8F68-9B9A-019FDCC36F35,Faulted,9/10/2026 16:05,9/10/2026 16:18,NULL,NULL,9/10/2026 16:05
6296CC53-A1DD-86DE-84E1-01A075EBC49F,DA7B314F-EC6B-8EFA-9FBC-01A066A14E6B,844E6B94-02D3-8F92-8F23-01A071CE8682,3F3C8648-B2D8-8264-9E1E-019FDCC445E7,Faulted,9/10/2026 16:15,9/10/2026 16:19,NULL,NULL,9/10/2026 16:15
8C1CAA8B-D525-82A9-95F7-01A075E902D6,DA7B314F-EC6B-8EFA-9FBC-01A066A14E6B,826DA4CB-5B5D-8A17-8DE7-01A071C9B26A,3F3C8648-B2D8-8264-9E1E-019FDCC445E7,AbortedUser,9/11/2026 3:30,9/11/2026 3:36,9/11/2026 6:02,146,9/11/2026 3:30
6296CC53-A1DD-86DE-84E1-01A075EBC49F,DA7B314F-EC6B-8EFA-9FBC-01A066A14E6B,C24C5D2D-B402-86DB-9B3C-01A071C9A86C,3F3C8648-B2D8-8264-9E1E-019FDCC445E7,AbortedUser,9/11/2026 3:59,9/11/2026 4:14,9/11/2026 5:37,83,9/11/2026 3:59
8A2CE6A2-F778-821E-90AC-01A06C6BA481,BF6BEF26-9CB4-887D-90EB-019FDCBA6F01,F213BB7A-2C04-8100-958A-019FDCD06DE7,DA44D833-BC2E-8F68-9B9A-019FDCC36F35,Complete,9/11/2026 6:57,9/11/2026 6:57,9/11/2026 7:38,41,9/11/2026 6:57
1DD4109C-0003-846D-9E16-01A075E98967,DA7B314F-EC6B-8EFA-9FBC-01A066A14E6B,C24C5D2D-B402-86DB-9B3C-01A071C9A86C,024F2AC1-40DE-8F28-8027-019FDCC64BE4,Complete,9/11/2026 7:38,9/11/2026 7:40,9/11/2026 8:30,50,9/11/2026 7:38
7E61E290-888B-8021-8F30-01A075EB2EE0,DA7B314F-EC6B-8EFA-9FBC-01A066A14E6B,F18F5FD3-1CFA-8B11-8501-01A071CE6C2B,9496689D-76C0-8560-9CC2-019FDCC7517E,Complete,9/11/2026 7:38,9/11/2026 7:40,9/11/2026 8:20,40,9/11/2026 7:38
8C1CAA8B-D525-82A9-95F7-01A075E902D6,DA7B314F-EC6B-8EFA-9FBC-01A066A14E6B,81C0EE38-D012-8DA3-9C9C-01A071CE7C4A,3F3C8648-B2D8-8264-9E1E-019FDCC445E7,Complete,9/11/2026 7:45,9/11/2026 7:48,9/11/2026 9:41,113,9/11/2026 7:45
E7997E11-0962-8547-8DF5-01A075EC8EE6,DA7B314F-EC6B-8EFA-9FBC-01A066A14E6B,4F09EBBF-1AE8-8FA8-9276-01A071CE6E22,9496689D-76C0-8560-9CC2-019FDCC7517E,Complete,9/11/2026 7:47,9/11/2026 7:49,9/11/2026 8:29,40,9/11/2026 7:47
BDDD4BC8-7814-8CEF-8B75-01A06C6DBD10,BF6BEF26-9CB4-887D-90EB-019FDCBA6F01,F213BB7A-2C04-8100-958A-019FDCD06DE7,024F2AC1-40DE-8F28-8027-019FDCC64BE4,Complete,9/11/2026 8:06,9/11/2026 8:35,9/11/2026 9:35,60,9/11/2026 8:06
1DD4109C-0003-846D-9E16-01A075E98967,DA7B314F-EC6B-8EFA-9FBC-01A066A14E6B,901F547A-51F5-8046-9E93-01A071C9AF42,9496689D-76C0-8560-9CC2-019FDCC7517E,Complete,9/11/2026 8:31,9/11/2026 8:32,9/11/2026 9:11,39,9/11/2026 8:31
B5429269-181E-8A8C-8887-01A075EA0B7C,DA7B314F-EC6B-8EFA-9FBC-01A066A14E6B,1488D86A-0A8A-8255-9B51-01A071CE9A78,DA44D833-BC2E-8F68-9B9A-019FDCC36F35,Complete,9/11/2026 9:00,9/11/2026 9:12,9/11/2026 9:52,40,9/11/2026 9:00
6296CC53-A1DD-86DE-84E1-01A075EBC49F,DA7B314F-EC6B-8EFA-9FBC-01A066A14E6B,8176532A-FD52-89A8-9810-01A071CE8C7C,3F3C8648-B2D8-8264-9E1E-019FDCC445E7,Complete,9/11/2026 9:28,9/11/2026 9:38,9/11/2026 10:12,34,9/11/2026 9:28
8C1CAA8B-D525-82A9-95F7-01A075E902D6,DA7B314F-EC6B-8EFA-9FBC-01A066A14E6B,C24C5D2D-B402-86DB-9B3C-01A071C9A86C,3F3C8648-B2D8-8264-9E1E-019FDCC445E7,Complete,9/11/2026 9:49,9/11/2026 9:50,9/11/2026 10:23,33,9/11/2026 9:49
E7997E11-0962-8547-8DF5-01A075EC8EE6,DA7B314F-EC6B-8EFA-9FBC-01A066A14E6B,1488D86A-0A8A-8255-9B51-01A071CE9A78,024F2AC1-40DE-8F28-8027-019FDCC64BE4,Complete,9/11/2026 9:52,9/11/2026 9:54,9/11/2026 10:44,50,9/11/2026 9:52
7E61E290-888B-8021-8F30-01A075EB2EE0,DA7B314F-EC6B-8EFA-9FBC-01A066A14E6B,8176532A-FD52-89A8-9810-01A071CE8C7C,024F2AC1-40DE-8F28-8027-019FDCC64BE4,Complete,9/11/2026 10:12,9/11/2026 10:17,9/11/2026 11:06,49,9/11/2026 10:12
1DD4109C-0003-846D-9E16-01A075E98967,DA7B314F-EC6B-8EFA-9FBC-01A066A14E6B,C24C5D2D-B402-86DB-9B3C-01A071C9A86C,024F2AC1-40DE-8F28-8027-019FDCC64BE4,Complete,9/11/2026 10:23,9/11/2026 10:25,9/11/2026 11:14,49,9/11/2026 10:23
B5429269-181E-8A8C-8887-01A075EA0B7C,DA7B314F-EC6B-8EFA-9FBC-01A066A14E6B,DDE205C5-10B7-820A-8B67-01A071CE84D4,3F3C8648-B2D8-8264-9E1E-019FDCC445E7,Complete,9/11/2026 10:30,9/11/2026 10:31,9/11/2026 11:10,39,9/11/2026 10:30
6296CC53-A1DD-86DE-84E1-01A075EBC49F,DA7B314F-EC6B-8EFA-9FBC-01A066A14E6B,6F485C67-CCB3-89F9-8F47-01A071C9CB03,DA44D833-BC2E-8F68-9B9A-019FDCC36F35,Complete,9/11/2026 10:30,9/11/2026 10:32,9/11/2026 11:09,37,9/11/2026 10:30
23DCB446-F5F1-8CCA-9E85-019FDCC161FD,B10B1BE5-B8D6-8925-81E4-019FFA280AE7,387616C5-41B2-82A8-9F0D-01A010111A08,DA44D833-BC2E-8F68-9B9A-019FDCC36F35,Complete,9/11/2026 11:00,9/11/2026 11:02,9/11/2026 11:37,35,9/11/2026 11:00
7E61E290-888B-8021-8F30-01A075EB2EE0,DA7B314F-EC6B-8EFA-9FBC-01A066A14E6B,6F485C67-CCB3-89F9-8F47-01A071C9CB03,024F2AC1-40DE-8F28-8027-019FDCC64BE4,Complete,9/11/2026 11:11,9/11/2026 11:18,9/11/2026 12:11,53,9/11/2026 11:11
E7997E11-0962-8547-8DF5-01A075EC8EE6,DA7B314F-EC6B-8EFA-9FBC-01A066A14E6B,DDE205C5-10B7-820A-8B67-01A071CE84D4,024F2AC1-40DE-8F28-8027-019FDCC64BE4,Complete,9/11/2026 11:12,9/11/2026 11:13,9/11/2026 12:07,54,9/11/2026 11:12
6296CC53-A1DD-86DE-84E1-01A075EBC49F,DA7B314F-EC6B-8EFA-9FBC-01A066A14E6B,5A40A554-77EE-8C1E-8EE9-01A071CE593D,DA44D833-BC2E-8F68-9B9A-019FDCC36F35,Complete,9/11/2026 11:12,9/11/2026 11:17,9/11/2026 12:06,49,9/11/2026 11:12
8C1CAA8B-D525-82A9-95F7-01A075E902D6,DA7B314F-EC6B-8EFA-9FBC-01A066A14E6B,72CD76DD-8122-8A1E-827D-01A071CE5023,3F3C8648-B2D8-8264-9E1E-019FDCC445E7,Complete,9/11/2026 11:24,9/11/2026 11:39,9/11/2026 13:39,120,9/11/2026 11:24
B5429269-181E-8A8C-8887-01A075EA0B7C,DA7B314F-EC6B-8EFA-9FBC-01A066A14E6B,E17350CD-F280-83A4-8DC0-01A071C9F37B,DA44D833-BC2E-8F68-9B9A-019FDCC36F35,Complete,9/11/2026 11:33,9/11/2026 11:39,9/11/2026 13:33,114,9/11/2026 11:33
744F3879-B370-85BA-8E39-019FDCC2082A,B10B1BE5-B8D6-8925-81E4-019FFA280AE7,387616C5-41B2-82A8-9F0D-01A010111A08,024F2AC1-40DE-8F28-8027-019FDCC64BE4,Complete,9/11/2026 11:38,9/11/2026 11:39,9/11/2026 12:39,60,9/11/2026 11:38
6296CC53-A1DD-86DE-84E1-01A075EBC49F,DA7B314F-EC6B-8EFA-9FBC-01A066A14E6B,CF015379-1114-896D-8159-01A071CE7FCA,DA44D833-BC2E-8F68-9B9A-019FDCC36F35,Complete,9/11/2026 12:08,9/11/2026 12:11,9/11/2026 13:51,100,9/11/2026 12:08
23DCB446-F5F1-8CCA-9E85-019FDCC161FD,B10B1BE5-B8D6-8925-81E4-019FFA280AE7,816A5583-770F-8B8D-8FDA-01A0293B7FBC,3F3C8648-B2D8-8264-9E1E-019FDCC445E7,Complete,9/11/2026 12:18,9/11/2026 12:19,9/11/2026 12:56,37,9/11/2026 12:18
744F3879-B370-85BA-8E39-019FDCC2082A,B10B1BE5-B8D6-8925-81E4-019FFA280AE7,816A5583-770F-8B8D-8FDA-01A0293B7FBC,024F2AC1-40DE-8F28-8027-019FDCC64BE4,Complete,9/11/2026 12:57,9/11/2026 12:58,9/11/2026 13:58,60,9/11/2026 12:57
23DCB446-F5F1-8CCA-9E85-019FDCC161FD,B10B1BE5-B8D6-8925-81E4-019FFA280AE7,7B1D8061-7F2A-8FC7-9C47-01A07BB525BF,3F3C8648-B2D8-8264-9E1E-019FDCC445E7,Complete,9/11/2026 13:30,9/11/2026 13:32,9/11/2026 14:09,37,9/11/2026 13:30
B5429269-181E-8A8C-8887-01A075EA0B7C,DA7B314F-EC6B-8EFA-9FBC-01A066A14E6B,A5D6BCC5-DD34-8CE3-9D77-01A071CE40B6,3F3C8648-B2D8-8264-9E1E-019FDCC445E7,Complete,9/11/2026 13:41,9/11/2026 13:43,9/11/2026 14:18,35,9/11/2026 13:41
8C1CAA8B-D525-82A9-95F7-01A075E902D6,DA7B314F-EC6B-8EFA-9FBC-01A066A14E6B,1B2265DC-77FE-8EC4-96F2-01A071CA2422,3F3C8648-B2D8-8264-9E1E-019FDCC445E7,Complete,9/11/2026 13:50,9/11/2026 13:51,9/11/2026 14:44,53,9/11/2026 13:50
1DD4109C-0003-846D-9E16-01A075E98967,DA7B314F-EC6B-8EFA-9FBC-01A066A14E6B,56D819D4-126C-8748-9085-01A071CE51AE,024F2AC1-40DE-8F28-8027-019FDCC64BE4,Complete,9/11/2026 13:52,9/11/2026 13:55,9/11/2026 14:45,50,9/11/2026 13:52
B5429269-181E-8A8C-8887-01A075EA0B7C,DA7B314F-EC6B-8EFA-9FBC-01A066A14E6B,C92634DE-D1C8-8FE3-82ED-01A071CE9730,DA44D833-BC2E-8F68-9B9A-019FDCC36F35,Complete,9/11/2026 14:23,9/11/2026 14:25,9/11/2026 15:06,41,9/11/2026 14:23
23DCB446-F5F1-8CCA-9E85-019FDCC161FD,B10B1BE5-B8D6-8925-81E4-019FFA280AE7,387616C5-41B2-82A8-9F0D-01A010111A08,DA44D833-BC2E-8F68-9B9A-019FDCC36F35,Complete,9/11/2026 14:34,9/11/2026 14:37,9/11/2026 15:15,38,9/11/2026 14:34
1DD4109C-0003-846D-9E16-01A075E98967,DA7B314F-EC6B-8EFA-9FBC-01A066A14E6B,1B2265DC-77FE-8EC4-96F2-01A071CA2422,024F2AC1-40DE-8F28-8027-019FDCC64BE4,Complete,9/11/2026 14:46,9/11/2026 14:48,9/11/2026 15:37,49,9/11/2026 14:46
6296CC53-A1DD-86DE-84E1-01A075EBC49F,DA7B314F-EC6B-8EFA-9FBC-01A066A14E6B,50879D21-5EFE-8EB9-92C4-01A071CA000A,3F3C8648-B2D8-8264-9E1E-019FDCC445E7,Complete,9/11/2026 14:59,9/11/2026 15:05,9/11/2026 15:42,37,9/11/2026 14:59
8C1CAA8B-D525-82A9-95F7-01A075E902D6,DA7B314F-EC6B-8EFA-9FBC-01A066A14E6B,E6E70939-C303-8E69-9DD9-01A071C9FBBC,3F3C8648-B2D8-8264-9E1E-019FDCC445E7,Complete,9/11/2026 14:59,9/11/2026 15:06,9/11/2026 15:42,36,9/11/2026 14:59
E7997E11-0962-8547-8DF5-01A075EC8EE6,DA7B314F-EC6B-8EFA-9FBC-01A066A14E6B,C92634DE-D1C8-8FE3-82ED-01A071CE9730,024F2AC1-40DE-8F28-8027-019FDCC64BE4,Complete,9/11/2026 15:07,9/11/2026 15:09,9/11/2026 15:59,50,9/11/2026 15:07
B5429269-181E-8A8C-8887-01A075EA0B7C,DA7B314F-EC6B-8EFA-9FBC-01A066A14E6B,45CCECBE-7A05-8B5F-8C8B-01A071C9B0D6,3F3C8648-B2D8-8264-9E1E-019FDCC445E7,Complete,9/11/2026 15:09,9/11/2026 15:12,9/11/2026 15:46,34,9/11/2026 15:09
744F3879-B370-85BA-8E39-019FDCC2082A,B10B1BE5-B8D6-8925-81E4-019FFA280AE7,387616C5-41B2-82A8-9F0D-01A010111A08,024F2AC1-40DE-8F28-8027-019FDCC64BE4,Complete,9/11/2026 15:18,9/11/2026 15:18,9/11/2026 16:18,60,9/11/2026 15:18
1DD4109C-0003-846D-9E16-01A075E98967,DA7B314F-EC6B-8EFA-9FBC-01A066A14E6B,E6E70939-C303-8E69-9DD9-01A071C9FBBC,024F2AC1-40DE-8F28-8027-019FDCC64BE4,Complete,9/11/2026 15:43,9/11/2026 15:43,9/11/2026 16:33,50,9/11/2026 15:43
8C1CAA8B-D525-82A9-95F7-01A075E902D6,DA7B314F-EC6B-8EFA-9FBC-01A066A14E6B,5073B05A-90B1-82C4-87B7-01A071CE3B98,3F3C8648-B2D8-8264-9E1E-019FDCC445E7,Complete,9/11/2026 15:43,9/11/2026 15:45,9/11/2026 16:20,35,9/11/2026 15:43
7E61E290-888B-8021-8F30-01A075EB2EE0,DA7B314F-EC6B-8EFA-9FBC-01A066A14E6B,50879D21-5EFE-8EB9-92C4-01A071CA000A,9496689D-76C0-8560-9CC2-019FDCC7517E,Complete,9/11/2026 15:43,9/11/2026 15:45,9/11/2026 16:25,40,9/11/2026 15:43
B5429269-181E-8A8C-8887-01A075EA0B7C,DA7B314F-EC6B-8EFA-9FBC-01A066A14E6B,E21DFD7C-5808-8ECB-8675-01A071CE98CC,DA44D833-BC2E-8F68-9B9A-019FDCC36F35,Complete,9/11/2026 15:54,9/11/2026 15:58,9/11/2026 16:34,36,9/11/2026 15:54
23DCB446-F5F1-8CCA-9E85-019FDCC161FD,B10B1BE5-B8D6-8925-81E4-019FFA280AE7,D796C03E-2F3B-8C43-9090-01A04CAEA220,DA44D833-BC2E-8F68-9B9A-019FDCC36F35,Complete,9/11/2026 15:55,9/11/2026 15:56,9/11/2026 16:31,35,9/11/2026 15:55
6296CC53-A1DD-86DE-84E1-01A075EBC49F,DA7B314F-EC6B-8EFA-9FBC-01A066A14E6B,FE277607-4A41-8F39-8F46-01A071CE34D6,3F3C8648-B2D8-8264-9E1E-019FDCC445E7,Complete,9/11/2026 16:14,9/11/2026 16:16,9/11/2026 16:51,35,9/11/2026 16:14
8C1CAA8B-D525-82A9-95F7-01A075E902D6,DA7B314F-EC6B-8EFA-9FBC-01A066A14E6B,3666799F-50E1-8E9A-8F53-01A071CE4C10,3F3C8648-B2D8-8264-9E1E-019FDCC445E7,Complete,9/11/2026 16:28,9/11/2026 16:31,9/11/2026 17:08,37,9/11/2026 16:28
744F3879-B370-85BA-8E39-019FDCC2082A,B10B1BE5-B8D6-8925-81E4-019FFA280AE7,D796C03E-2F3B-8C43-9090-01A04CAEA220,024F2AC1-40DE-8F28-8027-019FDCC64BE4,Complete,9/11/2026 16:35,9/11/2026 16:36,9/11/2026 17:36,60,9/11/2026 16:35
E7997E11-0962-8547-8DF5-01A075EC8EE6,DA7B314F-EC6B-8EFA-9FBC-01A066A14E6B,E21DFD7C-5808-8ECB-8675-01A071CE98CC,024F2AC1-40DE-8F28-8027-019FDCC64BE4,Complete,9/11/2026 16:35,9/11/2026 16:36,9/11/2026 17:26,50,9/11/2026 16:35
7E61E290-888B-8021-8F30-01A075EB2EE0,DA7B314F-EC6B-8EFA-9FBC-01A066A14E6B,FE277607-4A41-8F39-8F46-01A071CE34D6,9496689D-76C0-8560-9CC2-019FDCC7517E,Complete,9/11/2026 16:52,9/11/2026 16:53,9/11/2026 17:33,40,9/11/2026 16:52
1DD4109C-0003-846D-9E16-01A075E98967,DA7B314F-EC6B-8EFA-9FBC-01A066A14E6B,3666799F-50E1-8E9A-8F53-01A071CE4C10,9496689D-76C0-8560-9CC2-019FDCC7517E,Complete,9/11/2026 17:09,9/11/2026 17:11,9/11/2026 17:51,40,9/11/2026 17:09
23DCB446-F5F1-8CCA-9E85-019FDCC161FD,B10B1BE5-B8D6-8925-81E4-019FFA280AE7,F3E7F723-176C-895F-8677-01A071D40DD6,3F3C8648-B2D8-8264-9E1E-019FDCC445E7,Complete,9/11/2026 17:34,9/11/2026 17:35,9/11/2026 18:14,39,9/11/2026 17:34
6296CC53-A1DD-86DE-84E1-01A075EBC49F,DA7B314F-EC6B-8EFA-9FBC-01A066A14E6B,22C402A9-3FE4-86F4-8828-01A071CE9DAD,DA44D833-BC2E-8F68-9B9A-019FDCC36F35,Complete,9/11/2026 18:30,9/11/2026 18:34,9/11/2026 19:12,38,9/11/2026 18:30
E7997E11-0962-8547-8DF5-01A075EC8EE6,DA7B314F-EC6B-8EFA-9FBC-01A066A14E6B,5073B05A-90B1-82C4-87B7-01A071CE3B98,024F2AC1-40DE-8F28-8027-019FDCC64BE4,Complete,9/11/2026 18:33,9/11/2026 18:34,9/11/2026 19:24,50,9/11/2026 18:33
23DCB446-F5F1-8CCA-9E85-019FDCC161FD,B10B1BE5-B8D6-8925-81E4-019FFA280AE7,E78D0FA2-5FD6-8384-968B-01A05DB87356,3F3C8648-B2D8-8264-9E1E-019FDCC445E7,Complete,9/11/2026 18:56,9/11/2026 18:57,9/11/2026 19:36,39,9/11/2026 18:56
7E61E290-888B-8021-8F30-01A075EB2EE0,DA7B314F-EC6B-8EFA-9FBC-01A066A14E6B,22C402A9-3FE4-86F4-8828-01A071CE9DAD,024F2AC1-40DE-8F28-8027-019FDCC64BE4,Complete,9/11/2026 19:13,9/11/2026 19:16,9/11/2026 20:06,50,9/11/2026 19:13
744F3879-B370-85BA-8E39-019FDCC2082A,B10B1BE5-B8D6-8925-81E4-019FFA280AE7,E78D0FA2-5FD6-8384-968B-01A05DB87356,024F2AC1-40DE-8F28-8027-019FDCC64BE4,Complete,9/11/2026 19:36,9/11/2026 19:39,9/11/2026 20:38,59,9/11/2026 19:36
B5429269-181E-8A8C-8887-01A075EA0B7C,DA7B314F-EC6B-8EFA-9FBC-01A066A14E6B,E30F7273-1031-83A2-9049-01A071CE54DD,3F3C8648-B2D8-8264-9E1E-019FDCC445E7,Complete,9/11/2026 22:09,9/11/2026 22:15,9/11/2026 22:55,40,9/11/2026 22:09
E7997E11-0962-8547-8DF5-01A075EC8EE6,DA7B314F-EC6B-8EFA-9FBC-01A066A14E6B,E30F7273-1031-83A2-9049-01A071CE54DD,024F2AC1-40DE-8F28-8027-019FDCC64BE4,Complete,9/11/2026 22:55,9/11/2026 22:59,9/11/2026 23:52,53,9/11/2026 22:55
8C1CAA8B-D525-82A9-95F7-01A075E902D6,DA7B314F-EC6B-8EFA-9FBC-01A066A14E6B,BB2973E0-A660-8BC8-890F-01A071CE8F76,DA44D833-BC2E-8F68-9B9A-019FDCC36F35,Complete,9/11/2026 23:55,9/11/2026 23:58,9/12/2026 0:35,37,9/11/2026 23:55
7E61E290-888B-8021-8F30-01A075EB2EE0,DA7B314F-EC6B-8EFA-9FBC-01A066A14E6B,D09FA2EE-95C8-807B-92C6-01A071C983DF,024F2AC1-40DE-8F28-8027-019FDCC64BE4,Complete,9/12/2026 0:30,9/12/2026 0:35,9/12/2026 1:24,49,9/12/2026 0:30
1DD4109C-0003-846D-9E16-01A075E98967,DA7B314F-EC6B-8EFA-9FBC-01A066A14E6B,BB2973E0-A660-8BC8-890F-01A071CE8F76,024F2AC1-40DE-8F28-8027-019FDCC64BE4,Complete,9/12/2026 0:37,9/12/2026 0:42,9/12/2026 1:31,49,9/12/2026 0:37
B5429269-181E-8A8C-8887-01A075EA0B7C,DA7B314F-EC6B-8EFA-9FBC-01A066A14E6B,D28ED389-6CA7-8AA9-9E57-01A071C99A01,3F3C8648-B2D8-8264-9E1E-019FDCC445E7,Complete,9/12/2026 1:32,9/12/2026 1:40,9/12/2026 2:13,33,9/12/2026 1:32
8C1CAA8B-D525-82A9-95F7-01A075E902D6,DA7B314F-EC6B-8EFA-9FBC-01A066A14E6B,3F5880B9-025A-8807-917D-01A071C99BA9,3F3C8648-B2D8-8264-9E1E-019FDCC445E7,Complete,9/12/2026 1:34,9/12/2026 1:39,9/12/2026 2:12,33,9/12/2026 1:34
6296CC53-A1DD-86DE-84E1-01A075EBC49F,DA7B314F-EC6B-8EFA-9FBC-01A066A14E6B,BB2973E0-A660-8BC8-890F-01A071CE8F76,3F3C8648-B2D8-8264-9E1E-019FDCC445E7,Complete,9/12/2026 1:40,9/12/2026 1:44,9/12/2026 2:17,33,9/12/2026 1:40
1DD4109C-0003-846D-9E16-01A075E98967,DA7B314F-EC6B-8EFA-9FBC-01A066A14E6B,3F5880B9-025A-8807-917D-01A071C99BA9,024F2AC1-40DE-8F28-8027-019FDCC64BE4,Complete,9/12/2026 2:13,9/12/2026 2:15,9/12/2026 3:08,53,9/12/2026 2:13
E7997E11-0962-8547-8DF5-01A075EC8EE6,DA7B314F-EC6B-8EFA-9FBC-01A066A14E6B,D28ED389-6CA7-8AA9-9E57-01A071C99A01,024F2AC1-40DE-8F28-8027-019FDCC64BE4,Complete,9/12/2026 2:14,9/12/2026 2:15,9/12/2026 3:07,52,9/12/2026 2:14
7E61E290-888B-8021-8F30-01A075EB2EE0,DA7B314F-EC6B-8EFA-9FBC-01A066A14E6B,BB2973E0-A660-8BC8-890F-01A071CE8F76,024F2AC1-40DE-8F28-8027-019FDCC64BE4,Complete,9/12/2026 2:19,9/12/2026 2:20,9/12/2026 3:12,52,9/12/2026 2:19
23DCB446-F5F1-8CCA-9E85-019FDCC161FD,B10B1BE5-B8D6-8925-81E4-019FFA280AE7,69BB87E6-A5B4-8D61-8D09-01A0102B45D3,3F3C8648-B2D8-8264-9E1E-019FDCC445E7,Complete,9/12/2026 2:36,9/12/2026 2:37,9/12/2026 3:21,44,9/12/2026 2:36
744F3879-B370-85BA-8E39-019FDCC2082A,B10B1BE5-B8D6-8925-81E4-019FFA280AE7,69BB87E6-A5B4-8D61-8D09-01A0102B45D3,024F2AC1-40DE-8F28-8027-019FDCC64BE4,Complete,9/12/2026 3:21,9/12/2026 3:24,9/12/2026 4:24,60,9/12/2026 3:21
8C1CAA8B-D525-82A9-95F7-01A075E902D6,DA7B314F-EC6B-8EFA-9FBC-01A066A14E6B,4647A982-8C2A-8DAA-9B9F-01A071CE93D6,3F3C8648-B2D8-8264-9E1E-019FDCC445E7,Complete,9/12/2026 3:45,9/12/2026 3:46,9/12/2026 4:22,36,9/12/2026 3:45
1DD4109C-0003-846D-9E16-01A075E98967,DA7B314F-EC6B-8EFA-9FBC-01A066A14E6B,4647A982-8C2A-8DAA-9B9F-01A071CE93D6,024F2AC1-40DE-8F28-8027-019FDCC64BE4,Complete,9/12/2026 4:26,9/12/2026 4:27,9/12/2026 5:16,49,9/12/2026 4:26
B5429269-181E-8A8C-8887-01A075EA0B7C,DA7B314F-EC6B-8EFA-9FBC-01A066A14E6B,E1482E0A-40CF-8A5E-89E4-01A071CE0C10,3F3C8648-B2D8-8264-9E1E-019FDCC445E7,Complete,9/12/2026 4:30,9/12/2026 4:37,9/12/2026 5:15,38,9/12/2026 4:30
6296CC53-A1DD-86DE-84E1-01A075EBC49F,DA7B314F-EC6B-8EFA-9FBC-01A066A14E6B,ABA1CC3C-3AA4-88BF-9802-01A071C9F078,3F3C8648-B2D8-8264-9E1E-019FDCC445E7,Complete,9/12/2026 4:30,9/12/2026 4:35,9/12/2026 5:08,33,9/12/2026 4:30
744F3879-B370-85BA-8E39-019FDCC2082A,B10B1BE5-B8D6-8925-81E4-019FFA280AE7,F3E7F723-176C-895F-8677-01A071D40DD6,024F2AC1-40DE-8F28-8027-019FDCC64BE4,Complete,9/12/2026 4:43,9/12/2026 4:44,9/12/2026 5:24,40,9/12/2026 4:43
7E61E290-888B-8021-8F30-01A075EB2EE0,DA7B314F-EC6B-8EFA-9FBC-01A066A14E6B,ABA1CC3C-3AA4-88BF-9802-01A071C9F078,024F2AC1-40DE-8F28-8027-019FDCC64BE4,Complete,9/12/2026 5:09,9/12/2026 5:13,9/12/2026 6:03,50,9/12/2026 5:09
E7997E11-0962-8547-8DF5-01A075EC8EE6,DA7B314F-EC6B-8EFA-9FBC-01A066A14E6B,E1482E0A-40CF-8A5E-89E4-01A071CE0C10,9496689D-76C0-8560-9CC2-019FDCC7517E,Complete,9/12/2026 5:15,9/12/2026 5:19,9/12/2026 5:58,39,9/12/2026 5:15
8C1CAA8B-D525-82A9-95F7-01A075E902D6,DA7B314F-EC6B-8EFA-9FBC-01A066A14E6B,66B337D0-9407-8C56-8F49-01A071CA0CB5,DA44D833-BC2E-8F68-9B9A-019FDCC36F35,Complete,9/12/2026 5:32,9/12/2026 5:47,9/12/2026 6:22,35,9/12/2026 5:32
B5429269-181E-8A8C-8887-01A075EA0B7C,DA7B314F-EC6B-8EFA-9FBC-01A066A14E6B,58922EE8-F594-8874-8E59-01A071CA1347,DA44D833-BC2E-8F68-9B9A-019FDCC36F35,Complete,9/12/2026 5:37,9/12/2026 5:46,9/12/2026 6:22,36,9/12/2026 5:37
6296CC53-A1DD-86DE-84E1-01A075EBC49F,DA7B314F-EC6B-8EFA-9FBC-01A066A14E6B,3D5F29E8-420A-839E-895D-01A071CA0F83,DA44D833-BC2E-8F68-9B9A-019FDCC36F35,Complete,9/12/2026 5:47,9/12/2026 5:49,9/12/2026 6:26,37,9/12/2026 5:47
1DD4109C-0003-846D-9E16-01A075E98967,DA7B314F-EC6B-8EFA-9FBC-01A066A14E6B,66B337D0-9407-8C56-8F49-01A071CA0CB5,024F2AC1-40DE-8F28-8027-019FDCC64BE4,Complete,9/12/2026 6:23,9/12/2026 6:25,9/12/2026 7:15,50,9/12/2026 6:23
E7997E11-0962-8547-8DF5-01A075EC8EE6,DA7B314F-EC6B-8EFA-9FBC-01A066A14E6B,58922EE8-F594-8874-8E59-01A071CA1347,024F2AC1-40DE-8F28-8027-019FDCC64BE4,Complete,9/12/2026 6:23,9/12/2026 6:26,9/12/2026 7:15,49,9/12/2026 6:23
7E61E290-888B-8021-8F30-01A075EB2EE0,DA7B314F-EC6B-8EFA-9FBC-01A066A14E6B,3D5F29E8-420A-839E-895D-01A071CA0F83,024F2AC1-40DE-8F28-8027-019FDCC64BE4,Complete,9/12/2026 6:26,9/12/2026 6:28,9/12/2026 7:17,49,9/12/2026 6:26
B5429269-181E-8A8C-8887-01A075EA0B7C,DA7B314F-EC6B-8EFA-9FBC-01A066A14E6B,D5F04B06-7970-816B-8637-01A071C9C42B,DA44D833-BC2E-8F68-9B9A-019FDCC36F35,Complete,9/12/2026 6:55,9/12/2026 7:02,9/12/2026 7:34,32,9/12/2026 6:55
8C1CAA8B-D525-82A9-95F7-01A075E902D6,DA7B314F-EC6B-8EFA-9FBC-01A066A14E6B,B694DF90-17BE-8DAC-8AE1-01A071C9C99C,54A83CB1-FC42-867F-923E-019FDCC5C5BB,Complete,9/12/2026 6:56,9/12/2026 6:59,9/12/2026 7:29,30,9/12/2026 6:56
6296CC53-A1DD-86DE-84E1-01A075EBC49F,DA7B314F-EC6B-8EFA-9FBC-01A066A14E6B,3E61D708-28D3-8FA6-985F-01A071C9C636,DA44D833-BC2E-8F68-9B9A-019FDCC36F35,Complete,9/12/2026 7:02,9/12/2026 7:09,9/12/2026 7:48,39,9/12/2026 7:02
1DD4109C-0003-846D-9E16-01A075E98967,DA7B314F-EC6B-8EFA-9FBC-01A066A14E6B,B694DF90-17BE-8DAC-8AE1-01A071C9C99C,024F2AC1-40DE-8F28-8027-019FDCC64BE4,Complete,9/12/2026 7:30,9/12/2026 7:31,9/12/2026 8:21,50,9/12/2026 7:30
E7997E11-0962-8547-8DF5-01A075EC8EE6,DA7B314F-EC6B-8EFA-9FBC-01A066A14E6B,D5F04B06-7970-816B-8637-01A071C9C42B,024F2AC1-40DE-8F28-8027-019FDCC64BE4,Complete,9/12/2026 7:35,9/12/2026 7:36,9/12/2026 8:25,49,9/12/2026 7:35
7E61E290-888B-8021-8F30-01A075EB2EE0,DA7B314F-EC6B-8EFA-9FBC-01A066A14E6B,3E61D708-28D3-8FA6-985F-01A071C9C636,024F2AC1-40DE-8F28-8027-019FDCC64BE4,Complete,9/12/2026 7:48,9/12/2026 7:51,9/12/2026 8:40,49,9/12/2026 7:48
B5429269-181E-8A8C-8887-01A075EA0B7C,DA7B314F-EC6B-8EFA-9FBC-01A066A14E6B,0EEDC45E-D0D2-8E83-9948-01A071C9FD1C,3F3C8648-B2D8-8264-9E1E-019FDCC445E7,Complete,9/12/2026 7:59,9/12/2026 8:03,9/12/2026 8:37,34,9/12/2026 7:59
8C1CAA8B-D525-82A9-95F7-01A075E902D6,DA7B314F-EC6B-8EFA-9FBC-01A066A14E6B,D039EF1F-0C07-8E14-9A4A-01A071C9A41E,DA44D833-BC2E-8F68-9B9A-019FDCC36F35,Complete,9/12/2026 8:03,9/12/2026 8:08,9/12/2026 8:41,33,9/12/2026 8:03
6296CC53-A1DD-86DE-84E1-01A075EBC49F,DA7B314F-EC6B-8EFA-9FBC-01A066A14E6B,072A11D7-3D20-8794-85D4-01A071CE2819,3F3C8648-B2D8-8264-9E1E-019FDCC445E7,Complete,9/12/2026 8:03,9/12/2026 8:10,9/12/2026 8:45,35,9/12/2026 8:03
23DCB446-F5F1-8CCA-9E85-019FDCC161FD,B10B1BE5-B8D6-8925-81E4-019FFA280AE7,AC772830-1534-80AB-9BA0-01A042533190,DA44D833-BC2E-8F68-9B9A-019FDCC36F35,AbortedUser,9/12/2026 8:28,9/12/2026 8:29,9/12/2026 8:33,4,9/12/2026 8:28
23DCB446-F5F1-8CCA-9E85-019FDCC161FD,B10B1BE5-B8D6-8925-81E4-019FFA280AE7,AC772830-1534-80AB-9BA0-01A042533190,DA44D833-BC2E-8F68-9B9A-019FDCC36F35,Complete,9/12/2026 8:36,9/12/2026 8:37,9/12/2026 9:16,39,9/12/2026 8:36
E7997E11-0962-8547-8DF5-01A075EC8EE6,DA7B314F-EC6B-8EFA-9FBC-01A066A14E6B,0EEDC45E-D0D2-8E83-9948-01A071C9FD1C,9496689D-76C0-8560-9CC2-019FDCC7517E,Complete,9/12/2026 8:38,9/12/2026 8:40,9/12/2026 9:19,39,9/12/2026 8:38
1DD4109C-0003-846D-9E16-01A075E98967,DA7B314F-EC6B-8EFA-9FBC-01A066A14E6B,D039EF1F-0C07-8E14-9A4A-01A071C9A41E,024F2AC1-40DE-8F28-8027-019FDCC64BE4,Complete,9/12/2026 8:42,9/12/2026 8:44,9/12/2026 9:34,50,9/12/2026 8:42
6296CC53-A1DD-86DE-84E1-01A075EBC49F,DA7B314F-EC6B-8EFA-9FBC-01A066A14E6B,8D2339D0-75C5-86C1-8942-01A071CDF416,DA44D833-BC2E-8F68-9B9A-019FDCC36F35,Complete,9/12/2026 9:05,9/12/2026 9:06,9/12/2026 9:43,37,9/12/2026 9:05
744F3879-B370-85BA-8E39-019FDCC2082A,B10B1BE5-B8D6-8925-81E4-019FFA280AE7,AC772830-1534-80AB-9BA0-01A042533190,024F2AC1-40DE-8F28-8027-019FDCC64BE4,Complete,9/12/2026 9:16,9/12/2026 9:18,9/12/2026 10:17,59,9/12/2026 9:16
B5429269-181E-8A8C-8887-01A075EA0B7C,DA7B314F-EC6B-8EFA-9FBC-01A066A14E6B,79590648-1E21-8AAF-87F9-01A071C9E402,3F3C8648-B2D8-8264-9E1E-019FDCC445E7,Complete,9/12/2026 9:33,9/12/2026 9:38,9/12/2026 10:10,32,9/12/2026 9:33
8C1CAA8B-D525-82A9-95F7-01A075E902D6,DA7B314F-EC6B-8EFA-9FBC-01A066A14E6B,4900AA5D-1836-8888-99D5-01A071C9E5A6,3F3C8648-B2D8-8264-9E1E-019FDCC445E7,Complete,9/12/2026 9:41,9/12/2026 9:42,9/12/2026 10:14,32,9/12/2026 9:41
7E61E290-888B-8021-8F30-01A075EB2EE0,DA7B314F-EC6B-8EFA-9FBC-01A066A14E6B,8D2339D0-75C5-86C1-8942-01A071CDF416,9496689D-76C0-8560-9CC2-019FDCC7517E,Complete,9/12/2026 9:44,9/12/2026 9:47,9/12/2026 10:27,40,9/12/2026 9:44
E7997E11-0962-8547-8DF5-01A075EC8EE6,DA7B314F-EC6B-8EFA-9FBC-01A066A14E6B,79590648-1E21-8AAF-87F9-01A071C9E402,9496689D-76C0-8560-9CC2-019FDCC7517E,Complete,9/12/2026 10:11,9/12/2026 10:12,9/12/2026 10:52,40,9/12/2026 10:11
1DD4109C-0003-846D-9E16-01A075E98967,DA7B314F-EC6B-8EFA-9FBC-01A066A14E6B,4900AA5D-1836-8888-99D5-01A071C9E5A6,9496689D-76C0-8560-9CC2-019FDCC7517E,Complete,9/12/2026 10:15,9/12/2026 10:15,9/12/2026 10:55,40,9/12/2026 10:15
23DCB446-F5F1-8CCA-9E85-019FDCC161FD,B10B1BE5-B8D6-8925-81E4-019FFA280AE7,7B1D8061-7F2A-8FC7-9C47-01A07BB525BF,3F3C8648-B2D8-8264-9E1E-019FDCC445E7,Complete,9/12/2026 10:22,9/12/2026 10:23,9/12/2026 11:02,39,9/12/2026 10:22
6296CC53-A1DD-86DE-84E1-01A075EBC49F,DA7B314F-EC6B-8EFA-9FBC-01A066A14E6B,2ED989CE-46DC-8091-9373-01A071CA09A3,3F3C8648-B2D8-8264-9E1E-019FDCC445E7,Complete,9/12/2026 10:31,9/12/2026 10:39,9/12/2026 11:16,37,9/12/2026 10:31
8C1CAA8B-D525-82A9-95F7-01A075E902D6,DA7B314F-EC6B-8EFA-9FBC-01A066A14E6B,FB630A93-28FA-813E-91B3-01A071CDF5B4,DA44D833-BC2E-8F68-9B9A-019FDCC36F35,Complete,9/12/2026 10:33,9/12/2026 10:36,9/12/2026 11:13,37,9/12/2026 10:33
744F3879-B370-85BA-8E39-019FDCC2082A,B10B1BE5-B8D6-8925-81E4-019FFA280AE7,7B1D8061-7F2A-8FC7-9C47-01A07BB525BF,024F2AC1-40DE-8F28-8027-019FDCC64BE4,Complete,9/12/2026 11:05,9/12/2026 11:07,9/12/2026 12:07,60,9/12/2026 11:05
1DD4109C-0003-846D-9E16-01A075E98967,DA7B314F-EC6B-8EFA-9FBC-01A066A14E6B,FB630A93-28FA-813E-91B3-01A071CDF5B4,9496689D-76C0-8560-9CC2-019FDCC7517E,Complete,9/12/2026 11:14,9/12/2026 11:17,9/12/2026 11:59,42,9/12/2026 11:14
7E61E290-888B-8021-8F30-01A075EB2EE0,DA7B314F-EC6B-8EFA-9FBC-01A066A14E6B,2ED989CE-46DC-8091-9373-01A071CA09A3,9496689D-76C0-8560-9CC2-019FDCC7517E,Complete,9/12/2026 11:20,9/12/2026 11:23,9/12/2026 12:05,42,9/12/2026 11:20
B5429269-181E-8A8C-8887-01A075EA0B7C,DA7B314F-EC6B-8EFA-9FBC-01A066A14E6B,3686E697-C18E-823F-85AE-01A071CE424B,3F3C8648-B2D8-8264-9E1E-019FDCC445E7,Complete,9/12/2026 11:27,9/12/2026 11:30,9/12/2026 12:10,40,9/12/2026 11:27
23DCB446-F5F1-8CCA-9E85-019FDCC161FD,B10B1BE5-B8D6-8925-81E4-019FFA280AE7,C77D3131-2118-8CE1-9F2C-01A0281378FE,3F3C8648-B2D8-8264-9E1E-019FDCC445E7,Complete,9/12/2026 11:42,9/12/2026 11:43,9/12/2026 12:17,34,9/12/2026 11:42
E7997E11-0962-8547-8DF5-01A075EC8EE6,DA7B314F-EC6B-8EFA-9FBC-01A066A14E6B,3686E697-C18E-823F-85AE-01A071CE424B,024F2AC1-40DE-8F28-8027-019FDCC64BE4,Complete,9/12/2026 12:11,9/12/2026 12:14,9/12/2026 12:59,45,9/12/2026 12:11
744F3879-B370-85BA-8E39-019FDCC2082A,B10B1BE5-B8D6-8925-81E4-019FFA280AE7,C77D3131-2118-8CE1-9F2C-01A0281378FE,024F2AC1-40DE-8F28-8027-019FDCC64BE4,Complete,9/12/2026 12:17,9/12/2026 12:19,9/12/2026 13:22,63,9/12/2026 12:17
8C1CAA8B-D525-82A9-95F7-01A075E902D6,DA7B314F-EC6B-8EFA-9FBC-01A066A14E6B,E6E70939-C303-8E69-9DD9-01A071C9FBBC,3F3C8648-B2D8-8264-9E1E-019FDCC445E7,Complete,9/12/2026 12:28,9/12/2026 12:29,9/12/2026 13:11,42,9/12/2026 12:28
23DCB446-F5F1-8CCA-9E85-019FDCC161FD,B10B1BE5-B8D6-8925-81E4-019FFA280AE7,F124D4A4-D550-82B2-855D-01A0938F7019,3F3C8648-B2D8-8264-9E1E-019FDCC445E7,Complete,9/12/2026 12:37,9/12/2026 12:38,9/12/2026 13:13,35,9/12/2026 12:37
1DD4109C-0003-846D-9E16-01A075E98967,DA7B314F-EC6B-8EFA-9FBC-01A066A14E6B,E6E70939-C303-8E69-9DD9-01A071C9FBBC,024F2AC1-40DE-8F28-8027-019FDCC64BE4,Complete,9/12/2026 13:11,9/12/2026 13:13,9/12/2026 14:03,50,9/12/2026 13:11
23DCB446-F5F1-8CCA-9E85-019FDCC161FD,B10B1BE5-B8D6-8925-81E4-019FFA280AE7,2349788D-120B-8EBD-857C-01A0297002BB,3F3C8648-B2D8-8264-9E1E-019FDCC445E7,Complete,9/12/2026 14:39,9/12/2026 14:40,9/12/2026 15:19,39,9/12/2026 14:39
7E61E290-888B-8021-8F30-01A075EB2EE0,DA7B314F-EC6B-8EFA-9FBC-01A066A14E6B,072A11D7-3D20-8794-85D4-01A071CE2819,024F2AC1-40DE-8F28-8027-019FDCC64BE4,Complete,9/12/2026 15:10,9/12/2026 15:18,9/12/2026 16:08,50,9/12/2026 15:10
B5429269-181E-8A8C-8887-01A075EA0B7C,DA7B314F-EC6B-8EFA-9FBC-01A066A14E6B,FB4E10A8-E3F2-81D8-9A0E-01A071C9D1B0,DA44D833-BC2E-8F68-9B9A-019FDCC36F35,Complete,9/12/2026 15:14,9/12/2026 15:18,9/12/2026 15:56,38,9/12/2026 15:14
8C1CAA8B-D525-82A9-95F7-01A075E902D6,DA7B314F-EC6B-8EFA-9FBC-01A066A14E6B,35EF218D-4D1A-8B4F-953F-01A071CE367F,DA44D833-BC2E-8F68-9B9A-019FDCC36F35,Complete,9/12/2026 15:30,9/12/2026 15:32,9/12/2026 16:07,35,9/12/2026 15:30
744F3879-B370-85BA-8E39-019FDCC2082A,B10B1BE5-B8D6-8925-81E4-019FFA280AE7,2349788D-120B-8EBD-857C-01A0297002BB,024F2AC1-40DE-8F28-8027-019FDCC64BE4,Complete,9/12/2026 15:33,9/12/2026 15:34,9/12/2026 16:34,60,9/12/2026 15:33
E7997E11-0962-8547-8DF5-01A075EC8EE6,DA7B314F-EC6B-8EFA-9FBC-01A066A14E6B,FB4E10A8-E3F2-81D8-9A0E-01A071C9D1B0,9496689D-76C0-8560-9CC2-019FDCC7517E,Complete,9/12/2026 15:57,9/12/2026 15:59,9/12/2026 16:38,39,9/12/2026 15:57
1DD4109C-0003-846D-9E16-01A075E98967,DA7B314F-EC6B-8EFA-9FBC-01A066A14E6B,35EF218D-4D1A-8B4F-953F-01A071CE367F,024F2AC1-40DE-8F28-8027-019FDCC64BE4,Complete,9/12/2026 16:11,9/12/2026 16:12,9/12/2026 17:01,49,9/12/2026 16:11
B5429269-181E-8A8C-8887-01A075EA0B7C,DA7B314F-EC6B-8EFA-9FBC-01A066A14E6B,373B9F57-31D7-8D2C-8E16-01A071C9A263,DA44D833-BC2E-8F68-9B9A-019FDCC36F35,Complete,9/12/2026 16:49,9/12/2026 16:54,9/12/2026 17:32,38,9/12/2026 16:49
E7997E11-0962-8547-8DF5-01A075EC8EE6,DA7B314F-EC6B-8EFA-9FBC-01A066A14E6B,373B9F57-31D7-8D2C-8E16-01A071C9A263,024F2AC1-40DE-8F28-8027-019FDCC64BE4,Complete,9/12/2026 17:32,9/12/2026 17:34,9/12/2026 18:24,50,9/12/2026 17:32
23DCB446-F5F1-8CCA-9E85-019FDCC161FD,B10B1BE5-B8D6-8925-81E4-019FFA280AE7,F124D4A4-D550-82B2-855D-01A0938F7019,3F3C8648-B2D8-8264-9E1E-019FDCC445E7,Complete,9/13/2026 0:59,9/13/2026 1:02,9/13/2026 1:41,39,9/13/2026 0:59
744F3879-B370-85BA-8E39-019FDCC2082A,B10B1BE5-B8D6-8925-81E4-019FFA280AE7,F124D4A4-D550-82B2-855D-01A0938F7019,024F2AC1-40DE-8F28-8027-019FDCC64BE4,Complete,9/13/2026 1:46,9/13/2026 1:47,9/13/2026 2:46,59,9/13/2026 1:46
23DCB446-F5F1-8CCA-9E85-019FDCC161FD,B10B1BE5-B8D6-8925-81E4-019FFA280AE7,CF8344AB-A22B-8896-88C4-01A0958414A0,3F3C8648-B2D8-8264-9E1E-019FDCC445E7,Complete,9/13/2026 2:29,9/13/2026 2:31,9/13/2026 3:05,34,9/13/2026 2:29
744F3879-B370-85BA-8E39-019FDCC2082A,B10B1BE5-B8D6-8925-81E4-019FFA280AE7,CF8344AB-A22B-8896-88C4-01A0958414A0,024F2AC1-40DE-8F28-8027-019FDCC64BE4,Complete,9/13/2026 3:10,9/13/2026 3:11,9/13/2026 4:11,60,9/13/2026 3:10
6296CC53-A1DD-86DE-84E1-01A075EBC49F,DA7B314F-EC6B-8EFA-9FBC-01A066A14E6B,69CD1D8B-3318-878E-9A08-01A071C989A3,DA44D833-BC2E-8F68-9B9A-019FDCC36F35,Complete,9/13/2026 5:11,9/13/2026 5:15,9/13/2026 5:49,34,9/13/2026 5:11
8C1CAA8B-D525-82A9-95F7-01A075E902D6,DA7B314F-EC6B-8EFA-9FBC-01A066A14E6B,2C05786B-B848-8C55-9817-01A071C9E872,3F3C8648-B2D8-8264-9E1E-019FDCC445E7,Complete,9/13/2026 5:15,9/13/2026 5:23,9/13/2026 5:57,34,9/13/2026 5:15
7E61E290-888B-8021-8F30-01A075EB2EE0,DA7B314F-EC6B-8EFA-9FBC-01A066A14E6B,69CD1D8B-3318-878E-9A08-01A071C989A3,9496689D-76C0-8560-9CC2-019FDCC7517E,Complete,9/13/2026 5:49,9/13/2026 5:55,9/13/2026 6:34,39,9/13/2026 5:49
1DD4109C-0003-846D-9E16-01A075E98967,DA7B314F-EC6B-8EFA-9FBC-01A066A14E6B,2C05786B-B848-8C55-9817-01A071C9E872,024F2AC1-40DE-8F28-8027-019FDCC64BE4,Complete,9/13/2026 5:57,9/13/2026 6:11,9/13/2026 7:01,50,9/13/2026 5:57
8C1CAA8B-D525-82A9-95F7-01A075E902D6,DA7B314F-EC6B-8EFA-9FBC-01A066A14E6B,E7DCFE7C-E921-8001-92A6-01A071C9EA0A,3F3C8648-B2D8-8264-9E1E-019FDCC445E7,Complete,9/13/2026 7:30,9/13/2026 7:35,9/13/2026 8:09,34,9/13/2026 7:30
1DD4109C-0003-846D-9E16-01A075E98967,DA7B314F-EC6B-8EFA-9FBC-01A066A14E6B,E7DCFE7C-E921-8001-92A6-01A071C9EA0A,024F2AC1-40DE-8F28-8027-019FDCC64BE4,Complete,9/13/2026 8:14,9/13/2026 8:16,9/13/2026 9:06,50,9/13/2026 8:14
23DCB446-F5F1-8CCA-9E85-019FDCC161FD,B10B1BE5-B8D6-8925-81E4-019FFA280AE7,B3DCE74E-7D17-8330-8357-01A09B018C91,DA44D833-BC2E-8F68-9B9A-019FDCC36F35,Complete,9/13/2026 14:01,9/13/2026 14:03,9/13/2026 14:42,39,9/13/2026 14:01
744F3879-B370-85BA-8E39-019FDCC2082A,B10B1BE5-B8D6-8925-81E4-019FFA280AE7,B3DCE74E-7D17-8330-8357-01A09B018C91,024F2AC1-40DE-8F28-8027-019FDCC64BE4,Complete,9/13/2026 15:00,9/13/2026 15:01,9/13/2026 16:00,59,9/13/2026 15:00
23DCB446-F5F1-8CCA-9E85-019FDCC161FD,B10B1BE5-B8D6-8925-81E4-019FFA280AE7,46D187E8-C873-85B8-9E5E-01A00FB87B59,3F3C8648-B2D8-8264-9E1E-019FDCC445E7,Complete,9/13/2026 23:44,9/13/2026 23:46,9/14/2026 0:23,37,9/13/2026 23:44
744F3879-B370-85BA-8E39-019FDCC2082A,B10B1BE5-B8D6-8925-81E4-019FFA280AE7,46D187E8-C873-85B8-9E5E-01A00FB87B59,024F2AC1-40DE-8F28-8027-019FDCC64BE4,Complete,9/14/2026 0:31,9/14/2026 0:31,9/14/2026 1:31,60,9/14/2026 0:31
23DCB446-F5F1-8CCA-9E85-019FDCC161FD,B10B1BE5-B8D6-8925-81E4-019FFA280AE7,F3E7F723-176C-895F-8677-01A071D40DD6,3F3C8648-B2D8-8264-9E1E-019FDCC445E7,Complete,9/14/2026 1:43,9/14/2026 1:44,9/14/2026 2:36,52,9/14/2026 1:43
744F3879-B370-85BA-8E39-019FDCC2082A,B10B1BE5-B8D6-8925-81E4-019FFA280AE7,F3E7F723-176C-895F-8677-01A071D40DD6,024F2AC1-40DE-8F28-8027-019FDCC64BE4,Complete,9/14/2026 2:37,9/14/2026 2:38,9/14/2026 3:38,60,9/14/2026 2:37
23DCB446-F5F1-8CCA-9E85-019FDCC161FD,B10B1BE5-B8D6-8925-81E4-019FFA280AE7,3EAA86B6-E888-80D0-8F52-01A086A86994,3F3C8648-B2D8-8264-9E1E-019FDCC445E7,Complete,9/14/2026 4:34,9/14/2026 4:37,9/14/2026 5:12,35,9/14/2026 4:34
744F3879-B370-85BA-8E39-019FDCC2082A,B10B1BE5-B8D6-8925-81E4-019FFA280AE7,3EAA86B6-E888-80D0-8F52-01A086A86994,024F2AC1-40DE-8F28-8027-019FDCC64BE4,Complete,9/14/2026 5:13,9/14/2026 5:15,9/14/2026 6:14,59,9/14/2026 5:13
23DCB446-F5F1-8CCA-9E85-019FDCC161FD,B10B1BE5-B8D6-8925-81E4-019FFA280AE7,ABB32F35-6100-87D8-9B23-01A02E4ABDBA,DA44D833-BC2E-8F68-9B9A-019FDCC36F35,Complete,9/14/2026 6:21,9/14/2026 6:22,9/14/2026 7:04,42,9/14/2026 6:21
6296CC53-A1DD-86DE-84E1-01A075EBC49F,DA7B314F-EC6B-8EFA-9FBC-01A066A14E6B,BA9CF472-3EDF-8C92-9920-01A071C98555,DA44D833-BC2E-8F68-9B9A-019FDCC36F35,Complete,9/14/2026 7:06,9/14/2026 7:09,9/14/2026 8:32,83,9/14/2026 7:06
744F3879-B370-85BA-8E39-019FDCC2082A,B10B1BE5-B8D6-8925-81E4-019FFA280AE7,ABB32F35-6100-87D8-9B23-01A02E4ABDBA,024F2AC1-40DE-8F28-8027-019FDCC64BE4,Complete,9/14/2026 7:06,9/14/2026 7:07,9/14/2026 8:07,60,9/14/2026 7:06
23DCB446-F5F1-8CCA-9E85-019FDCC161FD,B10B1BE5-B8D6-8925-81E4-019FFA280AE7,4EAD01BE-B1AF-83AF-9431-01A09E5BDF87,DA44D833-BC2E-8F68-9B9A-019FDCC36F35,Complete,9/14/2026 8:11,9/14/2026 8:12,9/14/2026 9:02,50,9/14/2026 8:11
8C1CAA8B-D525-82A9-95F7-01A075E902D6,DA7B314F-EC6B-8EFA-9FBC-01A066A14E6B,89D8F77C-6644-8A3D-800C-01A071C9E717,3F3C8648-B2D8-8264-9E1E-019FDCC445E7,Complete,9/14/2026 9:00,9/14/2026 9:03,9/14/2026 9:37,34,9/14/2026 9:00
744F3879-B370-85BA-8E39-019FDCC2082A,B10B1BE5-B8D6-8925-81E4-019FFA280AE7,4EAD01BE-B1AF-83AF-9431-01A09E5BDF87,024F2AC1-40DE-8F28-8027-019FDCC64BE4,Complete,9/14/2026 9:15,9/14/2026 9:16,9/14/2026 10:17,61,9/14/2026 9:15
1DD4109C-0003-846D-9E16-01A075E98967,DA7B314F-EC6B-8EFA-9FBC-01A066A14E6B,89D8F77C-6644-8A3D-800C-01A071C9E717,024F2AC1-40DE-8F28-8027-019FDCC64BE4,Complete,9/14/2026 9:37,9/14/2026 9:39,9/14/2026 10:29,50,9/14/2026 9:37
6296CC53-A1DD-86DE-84E1-01A075EBC49F,DA7B314F-EC6B-8EFA-9FBC-01A066A14E6B,4647A982-8C2A-8DAA-9B9F-01A071CE93D6,3F3C8648-B2D8-8264-9E1E-019FDCC445E7,Complete,9/14/2026 10:14,9/14/2026 10:18,9/14/2026 10:52,34,9/14/2026 10:14
B5429269-181E-8A8C-8887-01A075EA0B7C,DA7B314F-EC6B-8EFA-9FBC-01A066A14E6B,7DC13BE3-C8D3-855A-8C00-01A071C9F53C,3F3C8648-B2D8-8264-9E1E-019FDCC445E7,Complete,9/14/2026 10:15,9/14/2026 10:18,9/14/2026 10:52,34,9/14/2026 10:15
8C1CAA8B-D525-82A9-95F7-01A075E902D6,DA7B314F-EC6B-8EFA-9FBC-01A066A14E6B,04864C28-7138-8948-8992-01A071C9F6D6,3F3C8648-B2D8-8264-9E1E-019FDCC445E7,Complete,9/14/2026 10:30,9/14/2026 10:32,9/14/2026 11:07,35,9/14/2026 10:30
E7997E11-0962-8547-8DF5-01A075EC8EE6,DA7B314F-EC6B-8EFA-9FBC-01A066A14E6B,7DC13BE3-C8D3-855A-8C00-01A071C9F53C,024F2AC1-40DE-8F28-8027-019FDCC64BE4,Complete,9/14/2026 10:52,9/14/2026 10:55,9/14/2026 11:44,49,9/14/2026 10:52
7E61E290-888B-8021-8F30-01A075EB2EE0,DA7B314F-EC6B-8EFA-9FBC-01A066A14E6B,4647A982-8C2A-8DAA-9B9F-01A071CE93D6,024F2AC1-40DE-8F28-8027-019FDCC64BE4,Complete,9/14/2026 10:53,9/14/2026 10:54,9/14/2026 11:44,50,9/14/2026 10:53
23DCB446-F5F1-8CCA-9E85-019FDCC161FD,B10B1BE5-B8D6-8925-81E4-019FFA280AE7,84B7AEA1-D89A-832A-92A1-01A048C8B79C,3F3C8648-B2D8-8264-9E1E-019FDCC445E7,Complete,9/14/2026 10:57,9/14/2026 10:58,9/14/2026 11:35,37,9/14/2026 10:57
1DD4109C-0003-846D-9E16-01A075E98967,DA7B314F-EC6B-8EFA-9FBC-01A066A14E6B,04864C28-7138-8948-8992-01A071C9F6D6,024F2AC1-40DE-8F28-8027-019FDCC64BE4,Complete,9/14/2026 11:09,9/14/2026 11:11,9/14/2026 12:00,49,9/14/2026 11:09
B5429269-181E-8A8C-8887-01A075EA0B7C,DA7B314F-EC6B-8EFA-9FBC-01A066A14E6B,9CA4DB63-9ADA-8ED3-9A57-01A071CE442B,DA44D833-BC2E-8F68-9B9A-019FDCC36F35,Complete,9/14/2026 11:30,9/14/2026 11:33,9/14/2026 12:07,34,9/14/2026 11:30
744F3879-B370-85BA-8E39-019FDCC2082A,B10B1BE5-B8D6-8925-81E4-019FFA280AE7,84B7AEA1-D89A-832A-92A1-01A048C8B79C,024F2AC1-40DE-8F28-8027-019FDCC64BE4,Complete,9/14/2026 11:36,9/14/2026 11:39,9/14/2026 12:38,59,9/14/2026 11:36
E7997E11-0962-8547-8DF5-01A075EC8EE6,DA7B314F-EC6B-8EFA-9FBC-01A066A14E6B,9CA4DB63-9ADA-8ED3-9A57-01A071CE442B,024F2AC1-40DE-8F28-8027-019FDCC64BE4,Complete,9/14/2026 12:13,9/14/2026 12:15,9/14/2026 13:09,54,9/14/2026 12:13
23DCB446-F5F1-8CCA-9E85-019FDCC161FD,B10B1BE5-B8D6-8925-81E4-019FFA280AE7,D571A663-419C-84B8-8084-01A02C926EBC,DA44D833-BC2E-8F68-9B9A-019FDCC36F35,Complete,9/14/2026 12:30,9/14/2026 12:31,9/14/2026 13:07,36,9/14/2026 12:30
744F3879-B370-85BA-8E39-019FDCC2082A,B10B1BE5-B8D6-8925-81E4-019FFA280AE7,D571A663-419C-84B8-8084-01A02C926EBC,024F2AC1-40DE-8F28-8027-019FDCC64BE4,Complete,9/14/2026 13:08,9/14/2026 13:10,9/14/2026 14:09,59,9/14/2026 13:08
23DCB446-F5F1-8CCA-9E85-019FDCC161FD,B10B1BE5-B8D6-8925-81E4-019FFA280AE7,AD9EA721-DAFA-8EA9-9CE3-01A02D671841,3F3C8648-B2D8-8264-9E1E-019FDCC445E7,Complete,9/14/2026 15:01,9/14/2026 15:02,9/14/2026 15:40,38,9/14/2026 15:01
744F3879-B370-85BA-8E39-019FDCC2082A,B10B1BE5-B8D6-8925-81E4-019FFA280AE7,AD9EA721-DAFA-8EA9-9CE3-01A02D671841,024F2AC1-40DE-8F28-8027-019FDCC64BE4,Complete,9/14/2026 15:41,9/14/2026 15:42,9/14/2026 16:41,59,9/14/2026 15:41
23DCB446-F5F1-8CCA-9E85-019FDCC161FD,B10B1BE5-B8D6-8925-81E4-019FFA280AE7,0B80721C-7A24-8E46-8A3D-01A019B61B0B,3F3C8648-B2D8-8264-9E1E-019FDCC445E7,Complete,9/14/2026 15:43,9/14/2026 15:43,9/14/2026 16:20,37,9/14/2026 15:43
744F3879-B370-85BA-8E39-019FDCC2082A,B10B1BE5-B8D6-8925-81E4-019FFA280AE7,0B80721C-7A24-8E46-8A3D-01A019B61B0B,024F2AC1-40DE-8F28-8027-019FDCC64BE4,Complete,9/14/2026 16:46,9/14/2026 16:46,9/14/2026 17:47,61,9/14/2026 16:46
6296CC53-A1DD-86DE-84E1-01A075EBC49F,DA7B314F-EC6B-8EFA-9FBC-01A066A14E6B,EFCC7A40-A16A-8CDE-88B4-01A071C9F214,3F3C8648-B2D8-8264-9E1E-019FDCC445E7,Complete,9/15/2026 11:21,9/15/2026 11:24,9/15/2026 12:00,36,9/15/2026 11:21
B5429269-181E-8A8C-8887-01A075EA0B7C,DA7B314F-EC6B-8EFA-9FBC-01A066A14E6B,F47638BE-EE91-85B3-9737-01A071CA159A,DA44D833-BC2E-8F68-9B9A-019FDCC36F35,Complete,9/15/2026 11:25,9/15/2026 11:26,9/15/2026 12:06,40,9/15/2026 11:25
8C1CAA8B-D525-82A9-95F7-01A075E902D6,DA7B314F-EC6B-8EFA-9FBC-01A066A14E6B,581E984C-AAC5-8BCA-8381-01A071CA1897,DA44D833-BC2E-8F68-9B9A-019FDCC36F35,Complete,9/15/2026 11:27,9/15/2026 11:29,9/15/2026 12:07,38,9/15/2026 11:27
7E61E290-888B-8021-8F30-01A075EB2EE0,DA7B314F-EC6B-8EFA-9FBC-01A066A14E6B,EFCC7A40-A16A-8CDE-88B4-01A071C9F214,024F2AC1-40DE-8F28-8027-019FDCC64BE4,Complete,9/15/2026 12:01,9/15/2026 12:04,9/15/2026 12:59,55,9/15/2026 12:01
E7997E11-0962-8547-8DF5-01A075EC8EE6,DA7B314F-EC6B-8EFA-9FBC-01A066A14E6B,F47638BE-EE91-85B3-9737-01A071CA159A,9496689D-76C0-8560-9CC2-019FDCC7517E,Complete,9/15/2026 12:09,9/15/2026 12:10,9/15/2026 12:51,41,9/15/2026 12:09
1DD4109C-0003-846D-9E16-01A075E98967,DA7B314F-EC6B-8EFA-9FBC-01A066A14E6B,581E984C-AAC5-8BCA-8381-01A071CA1897,9496689D-76C0-8560-9CC2-019FDCC7517E,Complete,9/15/2026 12:10,9/15/2026 12:10,9/15/2026 12:51,41,9/15/2026 12:10
B5429269-181E-8A8C-8887-01A075EA0B7C,DA7B314F-EC6B-8EFA-9FBC-01A066A14E6B,6D31F478-183D-8635-9655-01A071CE19E7,3F3C8648-B2D8-8264-9E1E-019FDCC445E7,Complete,9/15/2026 13:05,9/15/2026 13:08,9/15/2026 13:42,34,9/15/2026 13:05
8C1CAA8B-D525-82A9-95F7-01A075E902D6,DA7B314F-EC6B-8EFA-9FBC-01A066A14E6B,1A1CF9FF-22DF-8DE0-8853-01A071CE1D3C,3F3C8648-B2D8-8264-9E1E-019FDCC445E7,Complete,9/15/2026 13:06,9/15/2026 13:08,9/15/2026 13:41,33,9/15/2026 13:06
1DD4109C-0003-846D-9E16-01A075E98967,DA7B314F-EC6B-8EFA-9FBC-01A066A14E6B,1A1CF9FF-22DF-8DE0-8853-01A071CE1D3C,024F2AC1-40DE-8F28-8027-019FDCC64BE4,Complete,9/15/2026 13:56,9/15/2026 13:59,9/15/2026 14:48,49,9/15/2026 13:56
E7997E11-0962-8547-8DF5-01A075EC8EE6,DA7B314F-EC6B-8EFA-9FBC-01A066A14E6B,6D31F478-183D-8635-9655-01A071CE19E7,024F2AC1-40DE-8F28-8027-019FDCC64BE4,Complete,9/15/2026 13:57,9/15/2026 13:59,9/15/2026 14:48,49,9/15/2026 13:57
23DCB446-F5F1-8CCA-9E85-019FDCC161FD,B10B1BE5-B8D6-8925-81E4-019FFA280AE7,EE15422E-9045-8857-923B-01A02A8F45F0,DA44D833-BC2E-8F68-9B9A-019FDCC36F35,Complete,9/15/2026 15:00,9/15/2026 15:00,9/15/2026 15:37,37,9/15/2026 15:00
B5429269-181E-8A8C-8887-01A075EA0B7C,DA7B314F-EC6B-8EFA-9FBC-01A066A14E6B,88D60C80-2947-88DB-97E6-01A071CA1A10,DA44D833-BC2E-8F68-9B9A-019FDCC36F35,Complete,9/15/2026 15:26,9/15/2026 15:27,9/15/2026 16:07,40,9/15/2026 15:26
8C1CAA8B-D525-82A9-95F7-01A075E902D6,DA7B314F-EC6B-8EFA-9FBC-01A066A14E6B,90D508B4-5B42-8CE5-8282-01A071C99D36,DA44D833-BC2E-8F68-9B9A-019FDCC36F35,Complete,9/15/2026 15:27,9/15/2026 15:33,9/15/2026 16:10,37,9/15/2026 15:27
6296CC53-A1DD-86DE-84E1-01A075EBC49F,DA7B314F-EC6B-8EFA-9FBC-01A066A14E6B,373B9F57-31D7-8D2C-8E16-01A071C9A263,DA44D833-BC2E-8F68-9B9A-019FDCC36F35,Complete,9/15/2026 15:28,9/15/2026 15:33,9/15/2026 16:06,33,9/15/2026 15:28
744F3879-B370-85BA-8E39-019FDCC2082A,B10B1BE5-B8D6-8925-81E4-019FFA280AE7,EE15422E-9045-8857-923B-01A02A8F45F0,024F2AC1-40DE-8F28-8027-019FDCC64BE4,Complete,9/15/2026 15:40,9/15/2026 15:41,9/15/2026 16:41,60,9/15/2026 15:40
7E61E290-888B-8021-8F30-01A075EB2EE0,DA7B314F-EC6B-8EFA-9FBC-01A066A14E6B,373B9F57-31D7-8D2C-8E16-01A071C9A263,024F2AC1-40DE-8F28-8027-019FDCC64BE4,Complete,9/15/2026 16:08,9/15/2026 16:12,9/15/2026 17:01,49,9/15/2026 16:08
E7997E11-0962-8547-8DF5-01A075EC8EE6,DA7B314F-EC6B-8EFA-9FBC-01A066A14E6B,88D60C80-2947-88DB-97E6-01A071CA1A10,024F2AC1-40DE-8F28-8027-019FDCC64BE4,Complete,9/15/2026 16:10,9/15/2026 16:12,9/15/2026 17:01,49,9/15/2026 16:10
1DD4109C-0003-846D-9E16-01A075E98967,DA7B314F-EC6B-8EFA-9FBC-01A066A14E6B,90D508B4-5B42-8CE5-8282-01A071C99D36,024F2AC1-40DE-8F28-8027-019FDCC64BE4,Complete,9/15/2026 16:11,9/15/2026 16:13,9/15/2026 17:03,50,9/15/2026 16:11
23DCB446-F5F1-8CCA-9E85-019FDCC161FD,B10B1BE5-B8D6-8925-81E4-019FFA280AE7,BE6F2FDA-5DA0-881C-98C5-01A0A5DF3ECE,3F3C8648-B2D8-8264-9E1E-019FDCC445E7,Complete,9/15/2026 16:31,9/15/2026 16:32,9/15/2026 17:10,38,9/15/2026 16:31
8C1CAA8B-D525-82A9-95F7-01A075E902D6,DA7B314F-EC6B-8EFA-9FBC-01A066A14E6B,375296BD-0BD6-86E2-997A-01A071CE9F4B,DA44D833-BC2E-8F68-9B9A-019FDCC36F35,Complete,9/15/2026 16:34,9/15/2026 16:36,9/15/2026 17:12,36,9/15/2026 16:34
1DD4109C-0003-846D-9E16-01A075E98967,DA7B314F-EC6B-8EFA-9FBC-01A066A14E6B,375296BD-0BD6-86E2-997A-01A071CE9F4B,024F2AC1-40DE-8F28-8027-019FDCC64BE4,Complete,9/15/2026 17:13,9/15/2026 17:16,9/15/2026 18:05,49,9/15/2026 17:13
B5429269-181E-8A8C-8887-01A075EA0B7C,DA7B314F-EC6B-8EFA-9FBC-01A066A14E6B,5073B05A-90B1-82C4-87B7-01A071CE3B98,3F3C8648-B2D8-8264-9E1E-019FDCC445E7,Complete,9/15/2026 23:46,9/15/2026 23:48,9/16/2026 0:31,43,9/15/2026 23:46
E7997E11-0962-8547-8DF5-01A075EC8EE6,DA7B314F-EC6B-8EFA-9FBC-01A066A14E6B,5073B05A-90B1-82C4-87B7-01A071CE3B98,024F2AC1-40DE-8F28-8027-019FDCC64BE4,Complete,9/16/2026 0:32,9/16/2026 0:33,9/16/2026 1:23,50,9/16/2026 0:32
B5429269-181E-8A8C-8887-01A075EA0B7C,DA7B314F-EC6B-8EFA-9FBC-01A066A14E6B,EE0B6654-AF6E-8469-94C3-01A071CE45AA,3F3C8648-B2D8-8264-9E1E-019FDCC445E7,Complete,9/16/2026 5:17,9/16/2026 5:20,9/16/2026 5:55,35,9/16/2026 5:17
6296CC53-A1DD-86DE-84E1-01A075EBC49F,DA7B314F-EC6B-8EFA-9FBC-01A066A14E6B,3CA0D6E2-F2CB-88DB-8D9B-01A071CE48DB,3F3C8648-B2D8-8264-9E1E-019FDCC445E7,Complete,9/16/2026 5:22,9/16/2026 5:24,9/16/2026 6:01,37,9/16/2026 5:22
8C1CAA8B-D525-82A9-95F7-01A075E902D6,DA7B314F-EC6B-8EFA-9FBC-01A066A14E6B,4F56303B-F6B2-84FF-9B91-01A071CE6021,3F3C8648-B2D8-8264-9E1E-019FDCC445E7,Complete,9/16/2026 5:50,9/16/2026 5:55,9/16/2026 6:32,37,9/16/2026 5:50
E7997E11-0962-8547-8DF5-01A075EC8EE6,DA7B314F-EC6B-8EFA-9FBC-01A066A14E6B,EE0B6654-AF6E-8469-94C3-01A071CE45AA,024F2AC1-40DE-8F28-8027-019FDCC64BE4,Complete,9/16/2026 5:56,9/16/2026 5:58,9/16/2026 6:48,50,9/16/2026 5:56
7E61E290-888B-8021-8F30-01A075EB2EE0,DA7B314F-EC6B-8EFA-9FBC-01A066A14E6B,3CA0D6E2-F2CB-88DB-8D9B-01A071CE48DB,024F2AC1-40DE-8F28-8027-019FDCC64BE4,Complete,9/16/2026 6:04,9/16/2026 6:04,9/16/2026 6:54,50,9/16/2026 6:04
23DCB446-F5F1-8CCA-9E85-019FDCC161FD,B10B1BE5-B8D6-8925-81E4-019FFA280AE7,D7F02119-56F6-8824-85C6-01A05DCECB1A,54A83CB1-FC42-867F-923E-019FDCC5C5BB,Complete,9/16/2026 6:28,9/16/2026 6:29,9/16/2026 7:02,33,9/16/2026 6:28
1DD4109C-0003-846D-9E16-01A075E98967,DA7B314F-EC6B-8EFA-9FBC-01A066A14E6B,4F56303B-F6B2-84FF-9B91-01A071CE6021,024F2AC1-40DE-8F28-8027-019FDCC64BE4,Complete,9/16/2026 6:32,9/16/2026 6:34,9/16/2026 7:24,50,9/16/2026 6:32
744F3879-B370-85BA-8E39-019FDCC2082A,B10B1BE5-B8D6-8925-81E4-019FFA280AE7,D7F02119-56F6-8824-85C6-01A05DCECB1A,9496689D-76C0-8560-9CC2-019FDCC7517E,Complete,9/16/2026 7:02,9/16/2026 7:04,9/16/2026 7:43,39,9/16/2026 7:02
23DCB446-F5F1-8CCA-9E85-019FDCC161FD,B10B1BE5-B8D6-8925-81E4-019FFA280AE7,039E1EC6-8966-878B-95AE-01A07C8DBFFB,3F3C8648-B2D8-8264-9E1E-019FDCC445E7,Complete,9/16/2026 10:46,9/16/2026 10:48,9/16/2026 11:28,40,9/16/2026 10:46
8C1CAA8B-D525-82A9-95F7-01A075E902D6,DA7B314F-EC6B-8EFA-9FBC-01A066A14E6B,2784D377-2D65-8466-871D-01A071C9C13A,DA44D833-BC2E-8F68-9B9A-019FDCC36F35,Complete,9/16/2026 11:00,9/16/2026 11:02,9/16/2026 11:42,40,9/16/2026 11:00
6296CC53-A1DD-86DE-84E1-01A075EBC49F,DA7B314F-EC6B-8EFA-9FBC-01A066A14E6B,99A6055F-2FC7-855B-8E84-01A071CE07EA,3F3C8648-B2D8-8264-9E1E-019FDCC445E7,Complete,9/16/2026 11:29,9/16/2026 11:31,9/16/2026 12:10,39,9/16/2026 11:29
744F3879-B370-85BA-8E39-019FDCC2082A,B10B1BE5-B8D6-8925-81E4-019FFA280AE7,039E1EC6-8966-878B-95AE-01A07C8DBFFB,024F2AC1-40DE-8F28-8027-019FDCC64BE4,Complete,9/16/2026 11:35,9/16/2026 11:36,9/16/2026 12:35,59,9/16/2026 11:35
1DD4109C-0003-846D-9E16-01A075E98967,DA7B314F-EC6B-8EFA-9FBC-01A066A14E6B,2784D377-2D65-8466-871D-01A071C9C13A,9496689D-76C0-8560-9CC2-019FDCC7517E,Complete,9/16/2026 11:42,9/16/2026 11:47,9/16/2026 12:31,44,9/16/2026 11:42
7E61E290-888B-8021-8F30-01A075EB2EE0,DA7B314F-EC6B-8EFA-9FBC-01A066A14E6B,99A6055F-2FC7-855B-8E84-01A071CE07EA,024F2AC1-40DE-8F28-8027-019FDCC64BE4,Complete,9/16/2026 12:10,9/16/2026 12:12,9/16/2026 13:06,54,9/16/2026 12:10
B5429269-181E-8A8C-8887-01A075EA0B7C,DA7B314F-EC6B-8EFA-9FBC-01A066A14E6B,A8201A6B-5765-800B-9432-01A071C97D6D,3F3C8648-B2D8-8264-9E1E-019FDCC445E7,Complete,9/16/2026 12:16,9/16/2026 12:16,9/16/2026 12:57,41,9/16/2026 12:16
23DCB446-F5F1-8CCA-9E85-019FDCC161FD,B10B1BE5-B8D6-8925-81E4-019FFA280AE7,3EAA86B6-E888-80D0-8F52-01A086A86994,3F3C8648-B2D8-8264-9E1E-019FDCC445E7,Complete,9/16/2026 12:16,9/16/2026 12:19,9/16/2026 12:59,40,9/16/2026 12:16
6296CC53-A1DD-86DE-84E1-01A075EBC49F,DA7B314F-EC6B-8EFA-9FBC-01A066A14E6B,7BC00187-C4B8-8D2F-906B-01A071CE7342,3F3C8648-B2D8-8264-9E1E-019FDCC445E7,Complete,9/16/2026 12:29,9/16/2026 12:35,9/16/2026 13:10,35,9/16/2026 12:29
8C1CAA8B-D525-82A9-95F7-01A075E902D6,DA7B314F-EC6B-8EFA-9FBC-01A066A14E6B,C9841C39-D6B2-82FE-8FBD-01A071CE39B0,3F3C8648-B2D8-8264-9E1E-019FDCC445E7,Complete,9/16/2026 12:45,9/16/2026 12:46,9/16/2026 13:19,33,9/16/2026 12:45
744F3879-B370-85BA-8E39-019FDCC2082A,B10B1BE5-B8D6-8925-81E4-019FFA280AE7,3EAA86B6-E888-80D0-8F52-01A086A86994,024F2AC1-40DE-8F28-8027-019FDCC64BE4,Complete,9/16/2026 13:03,9/16/2026 13:04,9/16/2026 14:04,60,9/16/2026 13:03
7E61E290-888B-8021-8F30-01A075EB2EE0,DA7B314F-EC6B-8EFA-9FBC-01A066A14E6B,7BC00187-C4B8-8D2F-906B-01A071CE7342,024F2AC1-40DE-8F28-8027-019FDCC64BE4,Complete,9/16/2026 13:10,9/16/2026 13:12,9/16/2026 14:02,50,9/16/2026 13:10
B5429269-181E-8A8C-8887-01A075EA0B7C,DA7B314F-EC6B-8EFA-9FBC-01A066A14E6B,4F0933C5-6FA3-8DE9-8D4C-01A071CA273B,3F3C8648-B2D8-8264-9E1E-019FDCC445E7,Complete,9/16/2026 13:15,9/16/2026 13:20,9/16/2026 14:03,43,9/16/2026 13:15
1DD4109C-0003-846D-9E16-01A075E98967,DA7B314F-EC6B-8EFA-9FBC-01A066A14E6B,C9841C39-D6B2-82FE-8FBD-01A071CE39B0,024F2AC1-40DE-8F28-8027-019FDCC64BE4,Complete,9/16/2026 13:19,9/16/2026 13:21,9/16/2026 14:10,49,9/16/2026 13:19
23DCB446-F5F1-8CCA-9E85-019FDCC161FD,B10B1BE5-B8D6-8925-81E4-019FFA280AE7,79B18E1A-4E3A-8F97-9796-01A0475C337F,3F3C8648-B2D8-8264-9E1E-019FDCC445E7,Complete,9/16/2026 13:46,9/16/2026 13:47,9/16/2026 14:23,36,9/16/2026 13:46
8C1CAA8B-D525-82A9-95F7-01A075E902D6,DA7B314F-EC6B-8EFA-9FBC-01A066A14E6B,07AECDBF-424C-8511-91BA-01A071C98279,3F3C8648-B2D8-8264-9E1E-019FDCC445E7,Complete,9/16/2026 13:58,9/16/2026 14:02,9/16/2026 14:38,36,9/16/2026 13:58
E7997E11-0962-8547-8DF5-01A075EC8EE6,DA7B314F-EC6B-8EFA-9FBC-01A066A14E6B,4F0933C5-6FA3-8DE9-8D4C-01A071CA273B,024F2AC1-40DE-8F28-8027-019FDCC64BE4,Complete,9/16/2026 14:03,9/16/2026 14:06,9/16/2026 14:55,49,9/16/2026 14:03
744F3879-B370-85BA-8E39-019FDCC2082A,B10B1BE5-B8D6-8925-81E4-019FFA280AE7,79B18E1A-4E3A-8F97-9796-01A0475C337F,024F2AC1-40DE-8F28-8027-019FDCC64BE4,Complete,9/16/2026 14:25,9/16/2026 14:26,9/16/2026 15:25,59,9/16/2026 14:25
B5429269-181E-8A8C-8887-01A075EA0B7C,DA7B314F-EC6B-8EFA-9FBC-01A066A14E6B,D8720D1E-F8D9-825A-8180-01A071CE667B,DA44D833-BC2E-8F68-9B9A-019FDCC36F35,Complete,9/16/2026 14:30,9/16/2026 14:32,9/16/2026 15:11,39,9/16/2026 14:30
1DD4109C-0003-846D-9E16-01A075E98967,DA7B314F-EC6B-8EFA-9FBC-01A066A14E6B,07AECDBF-424C-8511-91BA-01A071C98279,024F2AC1-40DE-8F28-8027-019FDCC64BE4,Complete,9/16/2026 14:40,9/16/2026 14:42,9/16/2026 15:32,50,9/16/2026 14:40
E7997E11-0962-8547-8DF5-01A075EC8EE6,DA7B314F-EC6B-8EFA-9FBC-01A066A14E6B,D8720D1E-F8D9-825A-8180-01A071CE667B,9496689D-76C0-8560-9CC2-019FDCC7517E,Complete,9/16/2026 15:11,9/16/2026 15:14,9/16/2026 15:53,39,9/16/2026 15:11
6296CC53-A1DD-86DE-84E1-01A075EBC49F,DA7B314F-EC6B-8EFA-9FBC-01A066A14E6B,E6E3F50E-7DA8-8CC4-8299-01A071CE3D58,3F3C8648-B2D8-8264-9E1E-019FDCC445E7,Complete,9/16/2026 15:14,9/16/2026 15:16,9/16/2026 15:50,34,9/16/2026 15:14
B5429269-181E-8A8C-8887-01A075EA0B7C,DA7B314F-EC6B-8EFA-9FBC-01A066A14E6B,DE51BEE9-3EDC-81F3-9FE4-01A071C99552,DA44D833-BC2E-8F68-9B9A-019FDCC36F35,Complete,9/16/2026 15:28,9/16/2026 15:30,9/16/2026 16:04,34,9/16/2026 15:28
8C1CAA8B-D525-82A9-95F7-01A075E902D6,DA7B314F-EC6B-8EFA-9FBC-01A066A14E6B,91BC4A3F-B2A7-8AD2-8CEA-01A071C996B9,DA44D833-BC2E-8F68-9B9A-019FDCC36F35,Complete,9/16/2026 15:28,9/16/2026 15:30,9/16/2026 16:04,34,9/16/2026 15:28
7E61E290-888B-8021-8F30-01A075EB2EE0,DA7B314F-EC6B-8EFA-9FBC-01A066A14E6B,E6E3F50E-7DA8-8CC4-8299-01A071CE3D58,024F2AC1-40DE-8F28-8027-019FDCC64BE4,Complete,9/16/2026 15:50,9/16/2026 15:55,9/16/2026 16:45,50,9/16/2026 15:50
E7997E11-0962-8547-8DF5-01A075EC8EE6,DA7B314F-EC6B-8EFA-9FBC-01A066A14E6B,DE51BEE9-3EDC-81F3-9FE4-01A071C99552,9496689D-76C0-8560-9CC2-019FDCC7517E,Complete,9/16/2026 16:04,9/16/2026 16:06,9/16/2026 16:45,39,9/16/2026 16:04
1DD4109C-0003-846D-9E16-01A075E98967,DA7B314F-EC6B-8EFA-9FBC-01A066A14E6B,91BC4A3F-B2A7-8AD2-8CEA-01A071C996B9,9496689D-76C0-8560-9CC2-019FDCC7517E,Complete,9/16/2026 16:05,9/16/2026 16:06,9/16/2026 16:46,40,9/16/2026 16:05
6296CC53-A1DD-86DE-84E1-01A075EBC49F,DA7B314F-EC6B-8EFA-9FBC-01A066A14E6B,7BC00187-C4B8-8D2F-906B-01A071CE7342,3F3C8648-B2D8-8264-9E1E-019FDCC445E7,Complete,9/16/2026 16:40,9/16/2026 16:42,9/16/2026 17:17,35,9/16/2026 16:40
8C1CAA8B-D525-82A9-95F7-01A075E902D6,DA7B314F-EC6B-8EFA-9FBC-01A066A14E6B,5AC0C56F-F2C0-84B4-86DB-01A071C9D03E,DA44D833-BC2E-8F68-9B9A-019FDCC36F35,Complete,9/16/2026 16:42,9/16/2026 16:50,9/16/2026 17:26,36,9/16/2026 16:42
B5429269-181E-8A8C-8887-01A075EA0B7C,DA7B314F-EC6B-8EFA-9FBC-01A066A14E6B,8FCD8362-916F-8A2B-9B14-01A071CE76A3,3F3C8648-B2D8-8264-9E1E-019FDCC445E7,Complete,9/16/2026 16:45,9/16/2026 16:48,9/16/2026 17:23,35,9/16/2026 16:45
7E61E290-888B-8021-8F30-01A075EB2EE0,DA7B314F-EC6B-8EFA-9FBC-01A066A14E6B,7BC00187-C4B8-8D2F-906B-01A071CE7342,024F2AC1-40DE-8F28-8027-019FDCC64BE4,Complete,9/16/2026 17:18,9/16/2026 17:22,9/16/2026 18:11,49,9/16/2026 17:18
E7997E11-0962-8547-8DF5-01A075EC8EE6,DA7B314F-EC6B-8EFA-9FBC-01A066A14E6B,8FCD8362-916F-8A2B-9B14-01A071CE76A3,024F2AC1-40DE-8F28-8027-019FDCC64BE4,Complete,9/16/2026 17:24,9/16/2026 17:27,9/16/2026 18:16,49,9/16/2026 17:24
1DD4109C-0003-846D-9E16-01A075E98967,DA7B314F-EC6B-8EFA-9FBC-01A066A14E6B,5AC0C56F-F2C0-84B4-86DB-01A071C9D03E,73C8CED5-DF39-892E-91D4-019FDCC8BD1D,Complete,9/16/2026 17:26,9/16/2026 17:31,9/16/2026 18:00,29,9/16/2026 17:26
8C1CAA8B-D525-82A9-95F7-01A075E902D6,DA7B314F-EC6B-8EFA-9FBC-01A066A14E6B,C24C5D2D-B402-86DB-9B3C-01A071C9A86C,3F3C8648-B2D8-8264-9E1E-019FDCC445E7,Complete,9/17/2026 8:14,9/17/2026 8:16,9/17/2026 9:00,44,9/17/2026 8:14
B5429269-181E-8A8C-8887-01A075EA0B7C,DA7B314F-EC6B-8EFA-9FBC-01A066A14E6B,C24C5D2D-B402-86DB-9B3C-01A071C9A86C,3F3C8648-B2D8-8264-9E1E-019FDCC445E7,Complete,9/17/2026 8:30,9/17/2026 8:32,9/17/2026 9:04,32,9/17/2026 8:30
1DD4109C-0003-846D-9E16-01A075E98967,DA7B314F-EC6B-8EFA-9FBC-01A066A14E6B,C24C5D2D-B402-86DB-9B3C-01A071C9A86C,024F2AC1-40DE-8F28-8027-019FDCC64BE4,Complete,9/17/2026 8:50,9/17/2026 9:01,9/17/2026 9:57,56,9/17/2026 8:50
E7997E11-0962-8547-8DF5-01A075EC8EE6,DA7B314F-EC6B-8EFA-9FBC-01A066A14E6B,C24C5D2D-B402-86DB-9B3C-01A071C9A86C,024F2AC1-40DE-8F28-8027-019FDCC64BE4,Complete,9/17/2026 9:04,9/17/2026 9:05,9/17/2026 10:02,57,9/17/2026 9:04
23DCB446-F5F1-8CCA-9E85-019FDCC161FD,B10B1BE5-B8D6-8925-81E4-019FFA280AE7,1EF15D8C-3D00-8F2F-9E4D-01A0AEF35646,DA44D833-BC2E-8F68-9B9A-019FDCC36F35,Complete,9/17/2026 10:43,9/17/2026 10:43,9/17/2026 11:19,36,9/17/2026 10:43
B5429269-181E-8A8C-8887-01A075EA0B7C,DA7B314F-EC6B-8EFA-9FBC-01A066A14E6B,6082BB97-F4BE-8D5B-92A3-01A071CDFBA7,3F3C8648-B2D8-8264-9E1E-019FDCC445E7,Complete,9/17/2026 11:00,9/17/2026 11:03,9/17/2026 11:50,47,9/17/2026 11:00
8C1CAA8B-D525-82A9-95F7-01A075E902D6,DA7B314F-EC6B-8EFA-9FBC-01A066A14E6B,80E54CE4-E50A-83D6-82F1-01A071C9E282,3F3C8648-B2D8-8264-9E1E-019FDCC445E7,Complete,9/17/2026 11:00,9/17/2026 11:02,9/17/2026 11:45,43,9/17/2026 11:00
6296CC53-A1DD-86DE-84E1-01A075EBC49F,DA7B314F-EC6B-8EFA-9FBC-01A066A14E6B,844E6B94-02D3-8F92-8F23-01A071CE8682,3F3C8648-B2D8-8264-9E1E-019FDCC445E7,Complete,9/17/2026 11:17,9/17/2026 11:19,9/17/2026 11:52,33,9/17/2026 11:17
744F3879-B370-85BA-8E39-019FDCC2082A,B10B1BE5-B8D6-8925-81E4-019FFA280AE7,1EF15D8C-3D00-8F2F-9E4D-01A0AEF35646,024F2AC1-40DE-8F28-8027-019FDCC64BE4,Complete,9/17/2026 11:22,9/17/2026 11:23,9/17/2026 12:23,60,9/17/2026 11:22
1DD4109C-0003-846D-9E16-01A075E98967,DA7B314F-EC6B-8EFA-9FBC-01A066A14E6B,80E54CE4-E50A-83D6-82F1-01A071C9E282,9496689D-76C0-8560-9CC2-019FDCC7517E,Complete,9/17/2026 11:46,9/17/2026 11:47,9/17/2026 12:30,43,9/17/2026 11:46
E7997E11-0962-8547-8DF5-01A075EC8EE6,DA7B314F-EC6B-8EFA-9FBC-01A066A14E6B,6082BB97-F4BE-8D5B-92A3-01A071CDFBA7,024F2AC1-40DE-8F28-8027-019FDCC64BE4,Complete,9/17/2026 11:51,9/17/2026 11:54,9/17/2026 12:58,64,9/17/2026 11:51
7E61E290-888B-8021-8F30-01A075EB2EE0,DA7B314F-EC6B-8EFA-9FBC-01A066A14E6B,844E6B94-02D3-8F92-8F23-01A071CE8682,024F2AC1-40DE-8F28-8027-019FDCC64BE4,Complete,9/17/2026 11:53,9/17/2026 11:59,9/17/2026 12:58,59,9/17/2026 11:53
8C1CAA8B-D525-82A9-95F7-01A075E902D6,DA7B314F-EC6B-8EFA-9FBC-01A066A14E6B,5F7AB9A9-42F5-8C3F-8C7C-01A071CE3F3E,3F3C8648-B2D8-8264-9E1E-019FDCC445E7,AbortedUser,9/17/2026 12:05,9/17/2026 12:06,9/17/2026 12:08,2,9/17/2026 12:05
B5429269-181E-8A8C-8887-01A075EA0B7C,DA7B314F-EC6B-8EFA-9FBC-01A066A14E6B,5F7AB9A9-42F5-8C3F-8C7C-01A071CE3F3E,3F3C8648-B2D8-8264-9E1E-019FDCC445E7,Complete,9/17/2026 12:11,9/17/2026 12:12,9/17/2026 13:01,49,9/17/2026 12:11
23DCB446-F5F1-8CCA-9E85-019FDCC161FD,B10B1BE5-B8D6-8925-81E4-019FFA280AE7,95F694DC-B309-8990-8EBD-01A00F7CF19A,DA44D833-BC2E-8F68-9B9A-019FDCC36F35,Complete,9/17/2026 12:19,9/17/2026 12:20,9/17/2026 12:59,39,9/17/2026 12:19
744F3879-B370-85BA-8E39-019FDCC2082A,B10B1BE5-B8D6-8925-81E4-019FFA280AE7,95F694DC-B309-8990-8EBD-01A00F7CF19A,024F2AC1-40DE-8F28-8027-019FDCC64BE4,Complete,9/17/2026 13:01,9/17/2026 13:01,9/17/2026 14:01,60,9/17/2026 13:01
E7997E11-0962-8547-8DF5-01A075EC8EE6,DA7B314F-EC6B-8EFA-9FBC-01A066A14E6B,5F7AB9A9-42F5-8C3F-8C7C-01A071CE3F3E,9496689D-76C0-8560-9CC2-019FDCC7517E,Complete,9/17/2026 13:03,9/17/2026 13:05,9/17/2026 13:44,39,9/17/2026 13:03
23DCB446-F5F1-8CCA-9E85-019FDCC161FD,B10B1BE5-B8D6-8925-81E4-019FFA280AE7,84B7AEA1-D89A-832A-92A1-01A048C8B79C,3F3C8648-B2D8-8264-9E1E-019FDCC445E7,Complete,9/17/2026 13:35,9/17/2026 13:36,9/17/2026 14:12,36,9/17/2026 13:35
744F3879-B370-85BA-8E39-019FDCC2082A,B10B1BE5-B8D6-8925-81E4-019FFA280AE7,84B7AEA1-D89A-832A-92A1-01A048C8B79C,024F2AC1-40DE-8F28-8027-019FDCC64BE4,Complete,9/17/2026 14:13,9/17/2026 14:13,9/17/2026 15:13,60,9/17/2026 14:13
B5429269-181E-8A8C-8887-01A075EA0B7C,DA7B314F-EC6B-8EFA-9FBC-01A066A14E6B,C77CCE3B-CAEE-8A99-8A12-01A071CE6340,DA44D833-BC2E-8F68-9B9A-019FDCC36F35,Complete,9/17/2026 14:33,9/17/2026 14:36,9/17/2026 15:15,39,9/17/2026 14:33
8C1CAA8B-D525-82A9-95F7-01A075E902D6,DA7B314F-EC6B-8EFA-9FBC-01A066A14E6B,88BD09B5-383D-8B66-842B-01A071C9FA2D,3F3C8648-B2D8-8264-9E1E-019FDCC445E7,Complete,9/17/2026 15:15,9/17/2026 15:16,9/17/2026 15:52,36,9/17/2026 15:15
6296CC53-A1DD-86DE-84E1-01A075EBC49F,DA7B314F-EC6B-8EFA-9FBC-01A066A14E6B,373B9F57-31D7-8D2C-8E16-01A071C9A263,DA44D833-BC2E-8F68-9B9A-019FDCC36F35,Complete,9/17/2026 15:17,9/17/2026 15:19,9/17/2026 15:54,35,9/17/2026 15:17
23DCB446-F5F1-8CCA-9E85-019FDCC161FD,B10B1BE5-B8D6-8925-81E4-019FFA280AE7,853DDA68-9D82-85F0-9E49-01A023E13C80,3F3C8648-B2D8-8264-9E1E-019FDCC445E7,Complete,9/17/2026 15:38,9/17/2026 15:39,9/17/2026 16:17,38,9/17/2026 15:38
B5429269-181E-8A8C-8887-01A075EA0B7C,DA7B314F-EC6B-8EFA-9FBC-01A066A14E6B,2DB80CBD-7B57-84CA-9250-01A071CE2250,3F3C8648-B2D8-8264-9E1E-019FDCC445E7,Complete,9/17/2026 15:44,9/17/2026 15:45,9/17/2026 16:27,42,9/17/2026 15:44
8C1CAA8B-D525-82A9-95F7-01A075E902D6,DA7B314F-EC6B-8EFA-9FBC-01A066A14E6B,BA9CF472-3EDF-8C92-9920-01A071C98555,3F3C8648-B2D8-8264-9E1E-019FDCC445E7,Complete,9/17/2026 15:54,9/17/2026 15:57,9/17/2026 16:38,41,9/17/2026 15:54
1DD4109C-0003-846D-9E16-01A075E98967,DA7B314F-EC6B-8EFA-9FBC-01A066A14E6B,88BD09B5-383D-8B66-842B-01A071C9FA2D,9496689D-76C0-8560-9CC2-019FDCC7517E,Complete,9/17/2026 15:54,9/17/2026 15:55,9/17/2026 16:38,43,9/17/2026 15:54
7E61E290-888B-8021-8F30-01A075EB2EE0,DA7B314F-EC6B-8EFA-9FBC-01A066A14E6B,373B9F57-31D7-8D2C-8E16-01A071C9A263,9496689D-76C0-8560-9CC2-019FDCC7517E,Complete,9/17/2026 15:56,9/17/2026 15:58,9/17/2026 16:42,44,9/17/2026 15:56
744F3879-B370-85BA-8E39-019FDCC2082A,B10B1BE5-B8D6-8925-81E4-019FFA280AE7,853DDA68-9D82-85F0-9E49-01A023E13C80,024F2AC1-40DE-8F28-8027-019FDCC64BE4,Complete,9/17/2026 16:27,9/17/2026 16:28,9/17/2026 17:28,60,9/17/2026 16:27
E7997E11-0962-8547-8DF5-01A075EC8EE6,DA7B314F-EC6B-8EFA-9FBC-01A066A14E6B,2DB80CBD-7B57-84CA-9250-01A071CE2250,024F2AC1-40DE-8F28-8027-019FDCC64BE4,Complete,9/17/2026 16:29,9/17/2026 16:30,9/17/2026 17:19,49,9/17/2026 16:29
1DD4109C-0003-846D-9E16-01A075E98967,DA7B314F-EC6B-8EFA-9FBC-01A066A14E6B,BA9CF472-3EDF-8C92-9920-01A071C98555,9496689D-76C0-8560-9CC2-019FDCC7517E,Complete,9/17/2026 16:40,9/17/2026 16:41,9/17/2026 17:20,39,9/17/2026 16:40
7E61E290-888B-8021-8F30-01A075EB2EE0,DA7B314F-EC6B-8EFA-9FBC-01A066A14E6B,C77CCE3B-CAEE-8A99-8A12-01A071CE6340,9496689D-76C0-8560-9CC2-019FDCC7517E,Complete,9/17/2026 17:30,9/17/2026 17:32,9/17/2026 18:11,39,9/17/2026 17:30
8C1CAA8B-D525-82A9-95F7-01A075E902D6,DA7B314F-EC6B-8EFA-9FBC-01A066A14E6B,90D508B4-5B42-8CE5-8282-01A071C99D36,DA44D833-BC2E-8F68-9B9A-019FDCC36F35,Complete,9/18/2026 8:30,9/18/2026 8:32,9/18/2026 9:05,33,9/18/2026 8:30
B5429269-181E-8A8C-8887-01A075EA0B7C,DA7B314F-EC6B-8EFA-9FBC-01A066A14E6B,ABCE2162-E6F2-8BEC-8ABE-01A071C99EFF,DA44D833-BC2E-8F68-9B9A-019FDCC36F35,Complete,9/18/2026 8:32,9/18/2026 8:33,9/18/2026 9:11,38,9/18/2026 8:32
1DD4109C-0003-846D-9E16-01A075E98967,DA7B314F-EC6B-8EFA-9FBC-01A066A14E6B,90D508B4-5B42-8CE5-8282-01A071C99D36,024F2AC1-40DE-8F28-8027-019FDCC64BE4,Complete,9/18/2026 9:06,9/18/2026 9:06,9/18/2026 9:56,50,9/18/2026 9:06
E7997E11-0962-8547-8DF5-01A075EC8EE6,DA7B314F-EC6B-8EFA-9FBC-01A066A14E6B,ABCE2162-E6F2-8BEC-8ABE-01A071C99EFF,024F2AC1-40DE-8F28-8027-019FDCC64BE4,Complete,9/18/2026 9:11,9/18/2026 9:13,9/18/2026 10:03,50,9/18/2026 9:11
8C1CAA8B-D525-82A9-95F7-01A075E902D6,DA7B314F-EC6B-8EFA-9FBC-01A066A14E6B,718947D4-7437-88D2-97E7-01A071CE0073,3F3C8648-B2D8-8264-9E1E-019FDCC445E7,Complete,9/18/2026 10:57,9/18/2026 11:02,9/18/2026 11:55,53,9/18/2026 10:57
B5429269-181E-8A8C-8887-01A075EA0B7C,DA7B314F-EC6B-8EFA-9FBC-01A066A14E6B,4D4ED94F-3EE3-8165-8D06-01A071CE8B13,3F3C8648-B2D8-8264-9E1E-019FDCC445E7,Complete,9/18/2026 11:00,9/18/2026 11:01,9/18/2026 11:54,53,9/18/2026 11:00
6296CC53-A1DD-86DE-84E1-01A075EBC49F,DA7B314F-EC6B-8EFA-9FBC-01A066A14E6B,6A5F380A-216E-8677-95E0-01A071CA1734,DA44D833-BC2E-8F68-9B9A-019FDCC36F35,Complete,9/18/2026 11:32,9/18/2026 11:32,9/18/2026 12:08,36,9/18/2026 11:32
23DCB446-F5F1-8CCA-9E85-019FDCC161FD,B10B1BE5-B8D6-8925-81E4-019FFA280AE7,C77D3131-2118-8CE1-9F2C-01A0281378FE,3F3C8648-B2D8-8264-9E1E-019FDCC445E7,Complete,9/18/2026 11:42,9/18/2026 11:43,9/18/2026 12:21,38,9/18/2026 11:42
E7997E11-0962-8547-8DF5-01A075EC8EE6,DA7B314F-EC6B-8EFA-9FBC-01A066A14E6B,4D4ED94F-3EE3-8165-8D06-01A071CE8B13,024F2AC1-40DE-8F28-8027-019FDCC64BE4,Complete,9/18/2026 11:56,9/18/2026 11:57,9/18/2026 12:47,50,9/18/2026 11:56
1DD4109C-0003-846D-9E16-01A075E98967,DA7B314F-EC6B-8EFA-9FBC-01A066A14E6B,718947D4-7437-88D2-97E7-01A071CE0073,024F2AC1-40DE-8F28-8027-019FDCC64BE4,Complete,9/18/2026 11:56,9/18/2026 11:59,9/18/2026 12:49,50,9/18/2026 11:56
8C1CAA8B-D525-82A9-95F7-01A075E902D6,DA7B314F-EC6B-8EFA-9FBC-01A066A14E6B,85D3EF6B-47EE-8B4E-94F0-01A071C9F885,3F3C8648-B2D8-8264-9E1E-019FDCC445E7,Complete,9/18/2026 12:02,9/18/2026 12:04,9/18/2026 12:38,34,9/18/2026 12:02
B5429269-181E-8A8C-8887-01A075EA0B7C,DA7B314F-EC6B-8EFA-9FBC-01A066A14E6B,490B23FB-5C32-89BA-8D60-01A071CE157B,3F3C8648-B2D8-8264-9E1E-019FDCC445E7,Complete,9/18/2026 12:05,9/18/2026 12:08,9/18/2026 12:43,35,9/18/2026 12:05
7E61E290-888B-8021-8F30-01A075EB2EE0,DA7B314F-EC6B-8EFA-9FBC-01A066A14E6B,6A5F380A-216E-8677-95E0-01A071CA1734,9496689D-76C0-8560-9CC2-019FDCC7517E,Complete,9/18/2026 12:11,9/18/2026 12:13,9/18/2026 12:53,40,9/18/2026 12:11
744F3879-B370-85BA-8E39-019FDCC2082A,B10B1BE5-B8D6-8925-81E4-019FFA280AE7,C77D3131-2118-8CE1-9F2C-01A0281378FE,024F2AC1-40DE-8F28-8027-019FDCC64BE4,Complete,9/18/2026 12:23,9/18/2026 12:24,9/18/2026 13:23,59,9/18/2026 12:23
6296CC53-A1DD-86DE-84E1-01A075EBC49F,DA7B314F-EC6B-8EFA-9FBC-01A066A14E6B,7F191346-6B63-8020-8D81-01A071C9DF00,DA44D833-BC2E-8F68-9B9A-019FDCC36F35,Complete,9/18/2026 12:30,9/18/2026 12:33,9/18/2026 13:06,33,9/18/2026 12:30
E7997E11-0962-8547-8DF5-01A075EC8EE6,DA7B314F-EC6B-8EFA-9FBC-01A066A14E6B,490B23FB-5C32-89BA-8D60-01A071CE157B,024F2AC1-40DE-8F28-8027-019FDCC64BE4,Complete,9/18/2026 12:49,9/18/2026 12:53,9/18/2026 13:42,49,9/18/2026 12:49
B5429269-181E-8A8C-8887-01A075EA0B7C,DA7B314F-EC6B-8EFA-9FBC-01A066A14E6B,4E41624F-1929-8DC4-8D9C-01A071CA02E0,3F3C8648-B2D8-8264-9E1E-019FDCC445E7,Complete,9/18/2026 12:53,9/18/2026 12:56,9/18/2026 13:30,34,9/18/2026 12:53
7E61E290-888B-8021-8F30-01A075EB2EE0,DA7B314F-EC6B-8EFA-9FBC-01A066A14E6B,7F191346-6B63-8020-8D81-01A071C9DF00,9496689D-76C0-8560-9CC2-019FDCC7517E,Complete,9/18/2026 13:06,9/18/2026 13:10,9/18/2026 13:50,40,9/18/2026 13:06
1DD4109C-0003-846D-9E16-01A075E98967,DA7B314F-EC6B-8EFA-9FBC-01A066A14E6B,4E41624F-1929-8DC4-8D9C-01A071CA02E0,024F2AC1-40DE-8F28-8027-019FDCC64BE4,Complete,9/18/2026 13:32,9/18/2026 13:35,9/18/2026 14:24,49,9/18/2026 13:32
E7997E11-0962-8547-8DF5-01A075EC8EE6,DA7B314F-EC6B-8EFA-9FBC-01A066A14E6B,85D3EF6B-47EE-8B4E-94F0-01A071C9F885,024F2AC1-40DE-8F28-8027-019FDCC64BE4,Complete,9/18/2026 13:43,9/18/2026 13:45,9/18/2026 14:35,50,9/18/2026 13:43
8C1CAA8B-D525-82A9-95F7-01A075E902D6,DA7B314F-EC6B-8EFA-9FBC-01A066A14E6B,9CB1D639-0A96-8F3C-8070-01A071C980DD,3F3C8648-B2D8-8264-9E1E-019FDCC445E7,Complete,9/18/2026 14:01,9/18/2026 14:03,9/18/2026 14:37,34,9/18/2026 14:01
23DCB446-F5F1-8CCA-9E85-019FDCC161FD,B10B1BE5-B8D6-8925-81E4-019FFA280AE7,AD9EA721-DAFA-8EA9-9CE3-01A02D671841,3F3C8648-B2D8-8264-9E1E-019FDCC445E7,Complete,9/18/2026 14:09,9/18/2026 14:11,9/18/2026 14:45,34,9/18/2026 14:09
1DD4109C-0003-846D-9E16-01A075E98967,DA7B314F-EC6B-8EFA-9FBC-01A066A14E6B,9CB1D639-0A96-8F3C-8070-01A071C980DD,9496689D-76C0-8560-9CC2-019FDCC7517E,Complete,9/18/2026 14:37,9/18/2026 14:39,9/18/2026 15:18,39,9/18/2026 14:37
744F3879-B370-85BA-8E39-019FDCC2082A,B10B1BE5-B8D6-8925-81E4-019FFA280AE7,AD9EA721-DAFA-8EA9-9CE3-01A02D671841,024F2AC1-40DE-8F28-8027-019FDCC64BE4,Complete,9/18/2026 14:46,9/18/2026 14:47,9/18/2026 15:46,59,9/18/2026 14:46
B5429269-181E-8A8C-8887-01A075EA0B7C,DA7B314F-EC6B-8EFA-9FBC-01A066A14E6B,58BAA110-CDA9-8655-8359-01A071CE2CE4,3F3C8648-B2D8-8264-9E1E-019FDCC445E7,Complete,9/18/2026 14:47,9/18/2026 14:48,9/18/2026 15:24,36,9/18/2026 14:47
6296CC53-A1DD-86DE-84E1-01A075EBC49F,DA7B314F-EC6B-8EFA-9FBC-01A066A14E6B,9126384F-DD4C-885A-9A04-01A071CE2E60,3F3C8648-B2D8-8264-9E1E-019FDCC445E7,Complete,9/18/2026 14:47,9/18/2026 14:48,9/18/2026 15:25,37,9/18/2026 14:47
23DCB446-F5F1-8CCA-9E85-019FDCC161FD,B10B1BE5-B8D6-8925-81E4-019FFA280AE7,F3E7F723-176C-895F-8677-01A071D40DD6,3F3C8648-B2D8-8264-9E1E-019FDCC445E7,Complete,9/18/2026 15:14,9/18/2026 15:15,9/18/2026 15:51,36,9/18/2026 15:14
E7997E11-0962-8547-8DF5-01A075EC8EE6,DA7B314F-EC6B-8EFA-9FBC-01A066A14E6B,58BAA110-CDA9-8655-8359-01A071CE2CE4,024F2AC1-40DE-8F28-8027-019FDCC64BE4,Complete,9/18/2026 15:25,9/18/2026 15:26,9/18/2026 16:15,49,9/18/2026 15:25
7E61E290-888B-8021-8F30-01A075EB2EE0,DA7B314F-EC6B-8EFA-9FBC-01A066A14E6B,9126384F-DD4C-885A-9A04-01A071CE2E60,024F2AC1-40DE-8F28-8027-019FDCC64BE4,Complete,9/18/2026 15:27,9/18/2026 15:28,9/18/2026 16:17,49,9/18/2026 15:27
8C1CAA8B-D525-82A9-95F7-01A075E902D6,DA7B314F-EC6B-8EFA-9FBC-01A066A14E6B,C5D793FF-26B8-831C-9E76-01A071CDF711,3F3C8648-B2D8-8264-9E1E-019FDCC445E7,Complete,9/18/2026 15:32,9/18/2026 15:38,9/18/2026 16:13,35,9/18/2026 15:32
744F3879-B370-85BA-8E39-019FDCC2082A,B10B1BE5-B8D6-8925-81E4-019FFA280AE7,F3E7F723-176C-895F-8677-01A071D40DD6,024F2AC1-40DE-8F28-8027-019FDCC64BE4,Complete,9/18/2026 15:53,9/18/2026 15:54,9/18/2026 16:54,60,9/18/2026 15:53
B5429269-181E-8A8C-8887-01A075EA0B7C,DA7B314F-EC6B-8EFA-9FBC-01A066A14E6B,891634AA-400E-8FC9-891F-01A071CE57D1,3F3C8648-B2D8-8264-9E1E-019FDCC445E7,Complete,9/18/2026 16:15,9/18/2026 16:20,9/18/2026 16:54,34,9/18/2026 16:15
1DD4109C-0003-846D-9E16-01A075E98967,DA7B314F-EC6B-8EFA-9FBC-01A066A14E6B,C5D793FF-26B8-831C-9E76-01A071CDF711,024F2AC1-40DE-8F28-8027-019FDCC64BE4,Complete,9/18/2026 16:15,9/18/2026 16:19,9/18/2026 17:08,49,9/18/2026 16:15
8C1CAA8B-D525-82A9-95F7-01A075E902D6,DA7B314F-EC6B-8EFA-9FBC-01A066A14E6B,EE7E4E44-7878-8851-9E0A-01A071CDF9F0,3F3C8648-B2D8-8264-9E1E-019FDCC445E7,Complete,9/18/2026 16:19,9/18/2026 16:21,9/18/2026 16:55,34,9/18/2026 16:19
23DCB446-F5F1-8CCA-9E85-019FDCC161FD,B10B1BE5-B8D6-8925-81E4-019FFA280AE7,0C9BA89B-E53B-81E2-8F1A-01A0B4D8FDA4,3F3C8648-B2D8-8264-9E1E-019FDCC445E7,Complete,9/18/2026 16:30,9/18/2026 16:31,9/18/2026 17:10,39,9/18/2026 16:30
E7997E11-0962-8547-8DF5-01A075EC8EE6,DA7B314F-EC6B-8EFA-9FBC-01A066A14E6B,891634AA-400E-8FC9-891F-01A071CE57D1,024F2AC1-40DE-8F28-8027-019FDCC64BE4,Complete,9/18/2026 16:54,9/18/2026 16:57,9/18/2026 17:50,53,9/18/2026 16:54
7E61E290-888B-8021-8F30-01A075EB2EE0,DA7B314F-EC6B-8EFA-9FBC-01A066A14E6B,EE7E4E44-7878-8851-9E0A-01A071CDF9F0,024F2AC1-40DE-8F28-8027-019FDCC64BE4,Complete,9/18/2026 16:56,9/18/2026 16:58,9/18/2026 17:51,53,9/18/2026 16:56
744F3879-B370-85BA-8E39-019FDCC2082A,B10B1BE5-B8D6-8925-81E4-019FFA280AE7,0C9BA89B-E53B-81E2-8F1A-01A0B4D8FDA4,024F2AC1-40DE-8F28-8027-019FDCC64BE4,Complete,9/18/2026 17:11,9/18/2026 17:12,9/18/2026 18:12,60,9/18/2026 17:11
B5429269-181E-8A8C-8887-01A075EA0B7C,DA7B314F-EC6B-8EFA-9FBC-01A066A14E6B,1488D86A-0A8A-8255-9B51-01A071CE9A78,DA44D833-BC2E-8F68-9B9A-019FDCC36F35,Complete,9/18/2026 18:30,9/18/2026 18:32,9/18/2026 19:57,85,9/18/2026 18:30
E7997E11-0962-8547-8DF5-01A075EC8EE6,DA7B314F-EC6B-8EFA-9FBC-01A066A14E6B,1488D86A-0A8A-8255-9B51-01A071CE9A78,024F2AC1-40DE-8F28-8027-019FDCC64BE4,Complete,9/18/2026 20:00,9/18/2026 20:00,9/18/2026 20:50,50,9/18/2026 20:00
6296CC53-A1DD-86DE-84E1-01A075EBC49F,DA7B314F-EC6B-8EFA-9FBC-01A066A14E6B,D09FA2EE-95C8-807B-92C6-01A071C983DF,3F3C8648-B2D8-8264-9E1E-019FDCC445E7,Complete,9/18/2026 23:36,9/18/2026 23:37,9/19/2026 0:12,35,9/18/2026 23:36
7E61E290-888B-8021-8F30-01A075EB2EE0,DA7B314F-EC6B-8EFA-9FBC-01A066A14E6B,D09FA2EE-95C8-807B-92C6-01A071C983DF,9496689D-76C0-8560-9CC2-019FDCC7517E,Complete,9/19/2026 0:13,9/19/2026 0:14,9/19/2026 0:54,40,9/19/2026 0:13
B5429269-181E-8A8C-8887-01A075EA0B7C,DA7B314F-EC6B-8EFA-9FBC-01A066A14E6B,6F485C67-CCB3-89F9-8F47-01A071C9CB03,3F3C8648-B2D8-8264-9E1E-019FDCC445E7,Complete,9/19/2026 0:31,9/19/2026 0:33,9/19/2026 1:10,37,9/19/2026 0:31
E7997E11-0962-8547-8DF5-01A075EC8EE6,DA7B314F-EC6B-8EFA-9FBC-01A066A14E6B,6F485C67-CCB3-89F9-8F47-01A071C9CB03,9496689D-76C0-8560-9CC2-019FDCC7517E,Complete,9/19/2026 1:12,9/19/2026 1:14,9/19/2026 1:54,40,9/19/2026 1:12
6296CC53-A1DD-86DE-84E1-01A075EBC49F,DA7B314F-EC6B-8EFA-9FBC-01A066A14E6B,3E61D708-28D3-8FA6-985F-01A071C9C636,DA44D833-BC2E-8F68-9B9A-019FDCC36F35,Complete,9/19/2026 3:45,9/19/2026 3:47,9/19/2026 4:21,34,9/19/2026 3:45
8C1CAA8B-D525-82A9-95F7-01A075E902D6,DA7B314F-EC6B-8EFA-9FBC-01A066A14E6B,B694DF90-17BE-8DAC-8AE1-01A071C9C99C,DA44D833-BC2E-8F68-9B9A-019FDCC36F35,Complete,9/19/2026 3:45,9/19/2026 3:46,9/19/2026 4:22,36,9/19/2026 3:45
B5429269-181E-8A8C-8887-01A075EA0B7C,DA7B314F-EC6B-8EFA-9FBC-01A066A14E6B,D5F04B06-7970-816B-8637-01A071C9C42B,54A83CB1-FC42-867F-923E-019FDCC5C5BB,Complete,9/19/2026 3:45,9/19/2026 3:48,9/19/2026 4:18,30,9/19/2026 3:45
E7997E11-0962-8547-8DF5-01A075EC8EE6,DA7B314F-EC6B-8EFA-9FBC-01A066A14E6B,D5F04B06-7970-816B-8637-01A071C9C42B,024F2AC1-40DE-8F28-8027-019FDCC64BE4,Complete,9/19/2026 4:18,9/19/2026 4:20,9/19/2026 5:09,49,9/19/2026 4:18
1DD4109C-0003-846D-9E16-01A075E98967,DA7B314F-EC6B-8EFA-9FBC-01A066A14E6B,B694DF90-17BE-8DAC-8AE1-01A071C9C99C,024F2AC1-40DE-8F28-8027-019FDCC64BE4,Complete,9/19/2026 4:24,9/19/2026 4:25,9/19/2026 5:15,50,9/19/2026 4:24
7E61E290-888B-8021-8F30-01A075EB2EE0,DA7B314F-EC6B-8EFA-9FBC-01A066A14E6B,3E61D708-28D3-8FA6-985F-01A071C9C636,9496689D-76C0-8560-9CC2-019FDCC7517E,Complete,9/19/2026 4:25,9/19/2026 4:26,9/19/2026 5:05,39,9/19/2026 4:25
9CCBE0DA-AE2F-8826-9F6C-01A06C6E6022,BF6BEF26-9CB4-887D-90EB-019FDCBA6F01,A4BC5697-17DD-8EDD-9AAF-01A06D6340D6,DA44D833-BC2E-8F68-9B9A-019FDCC36F35,Complete,9/19/2026 5:05,9/19/2026 5:06,9/19/2026 5:37,31,9/19/2026 5:05
8A2CE6A2-F778-821E-90AC-01A06C6BA481,BF6BEF26-9CB4-887D-90EB-019FDCBA6F01,3175825F-7C53-8339-8895-019FE14A36D7,DA44D833-BC2E-8F68-9B9A-019FDCC36F35,Complete,9/19/2026 5:34,9/19/2026 5:35,9/19/2026 6:18,43,9/19/2026 5:34
BDDD4BC8-7814-8CEF-8B75-01A06C6DBD10,BF6BEF26-9CB4-887D-90EB-019FDCBA6F01,A4BC5697-17DD-8EDD-9AAF-01A06D6340D6,024F2AC1-40DE-8F28-8027-019FDCC64BE4,Complete,9/19/2026 5:37,9/19/2026 5:38,9/19/2026 6:38,60,9/19/2026 5:37
23DCB446-F5F1-8CCA-9E85-019FDCC161FD,B10B1BE5-B8D6-8925-81E4-019FFA280AE7,ABB32F35-6100-87D8-9B23-01A02E4ABDBA,DA44D833-BC2E-8F68-9B9A-019FDCC36F35,Complete,9/19/2026 5:38,9/19/2026 5:39,9/19/2026 6:15,36,9/19/2026 5:38
744F3879-B370-85BA-8E39-019FDCC2082A,B10B1BE5-B8D6-8925-81E4-019FFA280AE7,ABB32F35-6100-87D8-9B23-01A02E4ABDBA,024F2AC1-40DE-8F28-8027-019FDCC64BE4,Complete,9/19/2026 6:17,9/19/2026 6:18,9/19/2026 7:18,60,9/19/2026 6:17
52022152-84CA-8986-913E-01A06C701D89,BF6BEF26-9CB4-887D-90EB-019FDCBA6F01,3175825F-7C53-8339-8895-019FE14A36D7,73C8CED5-DF39-892E-91D4-019FDCC8BD1D,Complete,9/19/2026 6:19,9/19/2026 6:19,9/19/2026 6:49,30,9/19/2026 6:19
23DCB446-F5F1-8CCA-9E85-019FDCC161FD,B10B1BE5-B8D6-8925-81E4-019FFA280AE7,4938FE15-DB25-8E74-8AAE-01A028920BF8,DA44D833-BC2E-8F68-9B9A-019FDCC36F35,Complete,9/19/2026 7:40,9/19/2026 7:40,9/19/2026 8:19,39,9/19/2026 7:40
8C1CAA8B-D525-82A9-95F7-01A075E902D6,DA7B314F-EC6B-8EFA-9FBC-01A066A14E6B,BA9CF472-3EDF-8C92-9920-01A071C98555,3F3C8648-B2D8-8264-9E1E-019FDCC445E7,Complete,9/19/2026 7:45,9/19/2026 7:49,9/19/2026 8:37,48,9/19/2026 7:45
744F3879-B370-85BA-8E39-019FDCC2082A,B10B1BE5-B8D6-8925-81E4-019FFA280AE7,4938FE15-DB25-8E74-8AAE-01A028920BF8,024F2AC1-40DE-8F28-8027-019FDCC64BE4,Complete,9/19/2026 8:22,9/19/2026 8:23,9/19/2026 9:22,59,9/19/2026 8:22
B5429269-181E-8A8C-8887-01A075EA0B7C,DA7B314F-EC6B-8EFA-9FBC-01A066A14E6B,79590648-1E21-8AAF-87F9-01A071C9E402,3F3C8648-B2D8-8264-9E1E-019FDCC445E7,Complete,9/19/2026 8:32,9/19/2026 8:32,9/19/2026 9:05,33,9/19/2026 8:32
1DD4109C-0003-846D-9E16-01A075E98967,DA7B314F-EC6B-8EFA-9FBC-01A066A14E6B,BA9CF472-3EDF-8C92-9920-01A071C98555,9496689D-76C0-8560-9CC2-019FDCC7517E,Complete,9/19/2026 8:38,9/19/2026 8:40,9/19/2026 9:20,40,9/19/2026 8:38
23DCB446-F5F1-8CCA-9E85-019FDCC161FD,B10B1BE5-B8D6-8925-81E4-019FFA280AE7,AC772830-1534-80AB-9BA0-01A042533190,3F3C8648-B2D8-8264-9E1E-019FDCC445E7,Complete,9/19/2026 8:57,9/19/2026 8:58,9/19/2026 9:32,34,9/19/2026 8:57
E7997E11-0962-8547-8DF5-01A075EC8EE6,DA7B314F-EC6B-8EFA-9FBC-01A066A14E6B,79590648-1E21-8AAF-87F9-01A071C9E402,024F2AC1-40DE-8F28-8027-019FDCC64BE4,Complete,9/19/2026 9:07,9/19/2026 9:07,9/19/2026 9:57,50,9/19/2026 9:07
8C1CAA8B-D525-82A9-95F7-01A075E902D6,DA7B314F-EC6B-8EFA-9FBC-01A066A14E6B,18D12907-D278-8867-8586-01A071C9BFC2,DA44D833-BC2E-8F68-9B9A-019FDCC36F35,Complete,9/19/2026 9:09,9/19/2026 9:09,9/19/2026 10:05,56,9/19/2026 9:09
6296CC53-A1DD-86DE-84E1-01A075EBC49F,DA7B314F-EC6B-8EFA-9FBC-01A066A14E6B,72610AA4-587D-89F0-8506-01A071C9BDFC,DA44D833-BC2E-8F68-9B9A-019FDCC36F35,Complete,9/19/2026 9:09,9/19/2026 9:10,9/19/2026 10:05,55,9/19/2026 9:09
744F3879-B370-85BA-8E39-019FDCC2082A,B10B1BE5-B8D6-8925-81E4-019FFA280AE7,AC772830-1534-80AB-9BA0-01A042533190,024F2AC1-40DE-8F28-8027-019FDCC64BE4,Complete,9/19/2026 9:35,9/19/2026 9:36,9/19/2026 10:35,59,9/19/2026 9:35
B5429269-181E-8A8C-8887-01A075EA0B7C,DA7B314F-EC6B-8EFA-9FBC-01A066A14E6B,BA9CF472-3EDF-8C92-9920-01A071C98555,3F3C8648-B2D8-8264-9E1E-019FDCC445E7,Complete,9/19/2026 9:46,9/19/2026 9:47,9/19/2026 10:41,54,9/19/2026 9:46
1DD4109C-0003-846D-9E16-01A075E98967,DA7B314F-EC6B-8EFA-9FBC-01A066A14E6B,18D12907-D278-8867-8586-01A071C9BFC2,9496689D-76C0-8560-9CC2-019FDCC7517E,Complete,9/19/2026 10:08,9/19/2026 10:09,9/19/2026 10:49,40,9/19/2026 10:08
7E61E290-888B-8021-8F30-01A075EB2EE0,DA7B314F-EC6B-8EFA-9FBC-01A066A14E6B,72610AA4-587D-89F0-8506-01A071C9BDFC,9496689D-76C0-8560-9CC2-019FDCC7517E,Complete,9/19/2026 10:11,9/19/2026 10:11,9/19/2026 10:51,40,9/19/2026 10:11
23DCB446-F5F1-8CCA-9E85-019FDCC161FD,B10B1BE5-B8D6-8925-81E4-019FFA280AE7,3EAA86B6-E888-80D0-8F52-01A086A86994,3F3C8648-B2D8-8264-9E1E-019FDCC445E7,Complete,9/19/2026 10:20,9/19/2026 10:21,9/19/2026 10:59,38,9/19/2026 10:20
8C1CAA8B-D525-82A9-95F7-01A075E902D6,DA7B314F-EC6B-8EFA-9FBC-01A066A14E6B,B6B71F3A-849C-8E67-99F3-01A071C9D4EE,3F3C8648-B2D8-8264-9E1E-019FDCC445E7,Complete,9/19/2026 10:33,9/19/2026 10:36,9/19/2026 11:12,36,9/19/2026 10:33
E7997E11-0962-8547-8DF5-01A075EC8EE6,DA7B314F-EC6B-8EFA-9FBC-01A066A14E6B,BA9CF472-3EDF-8C92-9920-01A071C98555,9496689D-76C0-8560-9CC2-019FDCC7517E,Complete,9/19/2026 10:41,9/19/2026 10:43,9/19/2026 11:23,40,9/19/2026 10:41
8A2CE6A2-F778-821E-90AC-01A06C6BA481,BF6BEF26-9CB4-887D-90EB-019FDCBA6F01,A4BC5697-17DD-8EDD-9AAF-01A06D6340D6,DA44D833-BC2E-8F68-9B9A-019FDCC36F35,Complete,9/19/2026 10:52,9/19/2026 10:54,9/19/2026 11:47,53,9/19/2026 10:52
6296CC53-A1DD-86DE-84E1-01A075EBC49F,DA7B314F-EC6B-8EFA-9FBC-01A066A14E6B,DCDFF582-2C6F-8912-9470-01A071CE89B1,3F3C8648-B2D8-8264-9E1E-019FDCC445E7,Complete,9/19/2026 11:00,9/19/2026 11:02,9/19/2026 11:37,35,9/19/2026 11:00
9CCBE0DA-AE2F-8826-9F6C-01A06C6E6022,BF6BEF26-9CB4-887D-90EB-019FDCBA6F01,A4BC5697-17DD-8EDD-9AAF-01A06D6340D6,DA44D833-BC2E-8F68-9B9A-019FDCC36F35,Complete,9/19/2026 11:00,9/19/2026 11:01,9/19/2026 11:36,35,9/19/2026 11:00
744F3879-B370-85BA-8E39-019FDCC2082A,B10B1BE5-B8D6-8925-81E4-019FFA280AE7,3EAA86B6-E888-80D0-8F52-01A086A86994,024F2AC1-40DE-8F28-8027-019FDCC64BE4,Complete,9/19/2026 11:03,9/19/2026 11:04,9/19/2026 12:04,60,9/19/2026 11:03
B5429269-181E-8A8C-8887-01A075EA0B7C,DA7B314F-EC6B-8EFA-9FBC-01A066A14E6B,6F638823-E6C0-8591-922A-01A071C9B402,DA44D833-BC2E-8F68-9B9A-019FDCC36F35,Complete,9/19/2026 11:03,9/19/2026 11:05,9/19/2026 11:52,47,9/19/2026 11:03
1DD4109C-0003-846D-9E16-01A075E98967,DA7B314F-EC6B-8EFA-9FBC-01A066A14E6B,B6B71F3A-849C-8E67-99F3-01A071C9D4EE,024F2AC1-40DE-8F28-8027-019FDCC64BE4,Complete,9/19/2026 11:14,9/19/2026 11:18,9/19/2026 12:14,56,9/19/2026 11:14
8C1CAA8B-D525-82A9-95F7-01A075E902D6,DA7B314F-EC6B-8EFA-9FBC-01A066A14E6B,159BCC1B-8DE3-8ED2-80BF-01A071CE6A06,3F3C8648-B2D8-8264-9E1E-019FDCC445E7,Complete,9/19/2026 11:25,9/19/2026 11:30,9/19/2026 12:22,52,9/19/2026 11:25
7E61E290-888B-8021-8F30-01A075EB2EE0,DA7B314F-EC6B-8EFA-9FBC-01A066A14E6B,DCDFF582-2C6F-8912-9470-01A071CE89B1,024F2AC1-40DE-8F28-8027-019FDCC64BE4,Complete,9/19/2026 11:37,9/19/2026 11:45,9/19/2026 12:34,49,9/19/2026 11:37
52022152-84CA-8986-913E-01A06C701D89,BF6BEF26-9CB4-887D-90EB-019FDCBA6F01,A4BC5697-17DD-8EDD-9AAF-01A06D6340D6,024F2AC1-40DE-8F28-8027-019FDCC64BE4,Complete,9/19/2026 11:46,9/19/2026 11:49,9/19/2026 12:48,59,9/19/2026 11:46
BDDD4BC8-7814-8CEF-8B75-01A06C6DBD10,BF6BEF26-9CB4-887D-90EB-019FDCBA6F01,A4BC5697-17DD-8EDD-9AAF-01A06D6340D6,024F2AC1-40DE-8F28-8027-019FDCC64BE4,Complete,9/19/2026 11:52,9/19/2026 11:52,9/19/2026 12:52,60,9/19/2026 11:52
E7997E11-0962-8547-8DF5-01A075EC8EE6,DA7B314F-EC6B-8EFA-9FBC-01A066A14E6B,6F638823-E6C0-8591-922A-01A071C9B402,9496689D-76C0-8560-9CC2-019FDCC7517E,Complete,9/19/2026 11:54,9/19/2026 11:55,9/19/2026 12:35,40,9/19/2026 11:54
B5429269-181E-8A8C-8887-01A075EA0B7C,DA7B314F-EC6B-8EFA-9FBC-01A066A14E6B,7144E00A-87D8-8009-97C7-01A071CA20FC,3F3C8648-B2D8-8264-9E1E-019FDCC445E7,Complete,9/19/2026 12:15,9/19/2026 12:19,9/19/2026 13:02,43,9/19/2026 12:15
1DD4109C-0003-846D-9E16-01A075E98967,DA7B314F-EC6B-8EFA-9FBC-01A066A14E6B,159BCC1B-8DE3-8ED2-80BF-01A071CE6A06,9496689D-76C0-8560-9CC2-019FDCC7517E,Complete,9/19/2026 12:23,9/19/2026 12:25,9/19/2026 13:05,40,9/19/2026 12:23
23DCB446-F5F1-8CCA-9E85-019FDCC161FD,B10B1BE5-B8D6-8925-81E4-019FFA280AE7,816A5583-770F-8B8D-8FDA-01A0293B7FBC,DA44D833-BC2E-8F68-9B9A-019FDCC36F35,Complete,9/19/2026 12:27,9/19/2026 12:28,9/19/2026 13:06,38,9/19/2026 12:27
6296CC53-A1DD-86DE-84E1-01A075EBC49F,DA7B314F-EC6B-8EFA-9FBC-01A066A14E6B,0C265EDB-75FB-8197-8A70-01A071C9DD71,DA44D833-BC2E-8F68-9B9A-019FDCC36F35,Complete,9/19/2026 12:30,9/19/2026 12:33,9/19/2026 13:08,35,9/19/2026 12:30
8C1CAA8B-D525-82A9-95F7-01A075E902D6,DA7B314F-EC6B-8EFA-9FBC-01A066A14E6B,591F818C-8B8C-8B2C-910E-01A071CE716A,3F3C8648-B2D8-8264-9E1E-019FDCC445E7,Complete,9/19/2026 12:40,9/19/2026 12:41,9/19/2026 13:17,36,9/19/2026 12:40
E7997E11-0962-8547-8DF5-01A075EC8EE6,DA7B314F-EC6B-8EFA-9FBC-01A066A14E6B,7144E00A-87D8-8009-97C7-01A071CA20FC,024F2AC1-40DE-8F28-8027-019FDCC64BE4,Complete,9/19/2026 13:02,9/19/2026 13:05,9/19/2026 13:55,50,9/19/2026 13:02
744F3879-B370-85BA-8E39-019FDCC2082A,B10B1BE5-B8D6-8925-81E4-019FFA280AE7,816A5583-770F-8B8D-8FDA-01A0293B7FBC,024F2AC1-40DE-8F28-8027-019FDCC64BE4,Complete,9/19/2026 13:08,9/19/2026 13:09,9/19/2026 14:08,59,9/19/2026 13:08
7E61E290-888B-8021-8F30-01A075EB2EE0,DA7B314F-EC6B-8EFA-9FBC-01A066A14E6B,0C265EDB-75FB-8197-8A70-01A071C9DD71,9496689D-76C0-8560-9CC2-019FDCC7517E,Complete,9/19/2026 13:09,9/19/2026 13:12,9/19/2026 13:52,40,9/19/2026 13:09
B5429269-181E-8A8C-8887-01A075EA0B7C,DA7B314F-EC6B-8EFA-9FBC-01A066A14E6B,4F09EBBF-1AE8-8FA8-9276-01A071CE6E22,3F3C8648-B2D8-8264-9E1E-019FDCC445E7,Complete,9/19/2026 13:29,9/19/2026 13:31,9/19/2026 14:09,38,9/19/2026 13:29
1DD4109C-0003-846D-9E16-01A075E98967,DA7B314F-EC6B-8EFA-9FBC-01A066A14E6B,591F818C-8B8C-8B2C-910E-01A071CE716A,024F2AC1-40DE-8F28-8027-019FDCC64BE4,Complete,9/19/2026 13:29,9/19/2026 13:32,9/19/2026 14:21,49,9/19/2026 13:29
6296CC53-A1DD-86DE-84E1-01A075EBC49F,DA7B314F-EC6B-8EFA-9FBC-01A066A14E6B,35EF218D-4D1A-8B4F-953F-01A071CE367F,DA44D833-BC2E-8F68-9B9A-019FDCC36F35,Complete,9/19/2026 13:32,9/19/2026 13:34,9/19/2026 14:13,39,9/19/2026 13:32
8C1CAA8B-D525-82A9-95F7-01A075E902D6,DA7B314F-EC6B-8EFA-9FBC-01A066A14E6B,BA939118-0B98-8555-81FB-01A0B8A87B4D,DA44D833-BC2E-8F68-9B9A-019FDCC36F35,Complete,9/19/2026 13:50,9/19/2026 13:51,9/19/2026 14:34,43,9/19/2026 13:50
23DCB446-F5F1-8CCA-9E85-019FDCC161FD,B10B1BE5-B8D6-8925-81E4-019FFA280AE7,816A5583-770F-8B8D-8FDA-01A0293B7FBC,3F3C8648-B2D8-8264-9E1E-019FDCC445E7,Complete,9/19/2026 13:50,9/19/2026 13:55,9/19/2026 14:34,39,9/19/2026 13:50
E7997E11-0962-8547-8DF5-01A075EC8EE6,DA7B314F-EC6B-8EFA-9FBC-01A066A14E6B,4F09EBBF-1AE8-8FA8-9276-01A071CE6E22,9496689D-76C0-8560-9CC2-019FDCC7517E,Complete,9/19/2026 14:16,9/19/2026 14:19,9/19/2026 14:58,39,9/19/2026 14:16
6296CC53-A1DD-86DE-84E1-01A075EBC49F,DA7B314F-EC6B-8EFA-9FBC-01A066A14E6B,C12A670A-D3ED-8034-995D-01A071CA25B0,3F3C8648-B2D8-8264-9E1E-019FDCC445E7,Complete,9/19/2026 14:32,9/19/2026 14:34,9/19/2026 16:50,136,9/19/2026 14:32
744F3879-B370-85BA-8E39-019FDCC2082A,B10B1BE5-B8D6-8925-81E4-019FFA280AE7,816A5583-770F-8B8D-8FDA-01A0293B7FBC,024F2AC1-40DE-8F28-8027-019FDCC64BE4,Complete,9/19/2026 14:38,9/19/2026 14:39,9/19/2026 15:39,60,9/19/2026 14:38
1DD4109C-0003-846D-9E16-01A075E98967,DA7B314F-EC6B-8EFA-9FBC-01A066A14E6B,BA939118-0B98-8555-81FB-01A0B8A87B4D,9496689D-76C0-8560-9CC2-019FDCC7517E,Complete,9/19/2026 14:39,9/19/2026 14:42,9/19/2026 15:22,40,9/19/2026 14:39
23DCB446-F5F1-8CCA-9E85-019FDCC161FD,B10B1BE5-B8D6-8925-81E4-019FFA280AE7,399D146B-D2AB-8A63-8CE7-01A04242AFCA,3F3C8648-B2D8-8264-9E1E-019FDCC445E7,Complete,9/19/2026 14:55,9/19/2026 14:56,9/19/2026 15:31,35,9/19/2026 14:55
B5429269-181E-8A8C-8887-01A075EA0B7C,DA7B314F-EC6B-8EFA-9FBC-01A066A14E6B,8093F45B-BB4D-8F91-9E4C-01A071CA0176,3F3C8648-B2D8-8264-9E1E-019FDCC445E7,Complete,9/19/2026 15:09,9/19/2026 15:11,9/19/2026 16:45,94,9/19/2026 15:09
8C1CAA8B-D525-82A9-95F7-01A075E902D6,DA7B314F-EC6B-8EFA-9FBC-01A066A14E6B,8FCD8362-916F-8A2B-9B14-01A071CE76A3,3F3C8648-B2D8-8264-9E1E-019FDCC445E7,Complete,9/19/2026 15:15,9/19/2026 15:17,9/19/2026 16:47,90,9/19/2026 15:15
744F3879-B370-85BA-8E39-019FDCC2082A,B10B1BE5-B8D6-8925-81E4-019FFA280AE7,399D146B-D2AB-8A63-8CE7-01A04242AFCA,024F2AC1-40DE-8F28-8027-019FDCC64BE4,Complete,9/19/2026 15:42,9/19/2026 15:43,9/19/2026 16:43,60,9/19/2026 15:42
23DCB446-F5F1-8CCA-9E85-019FDCC161FD,B10B1BE5-B8D6-8925-81E4-019FFA280AE7,D571A663-419C-84B8-8084-01A02C926EBC,3F3C8648-B2D8-8264-9E1E-019FDCC445E7,Complete,9/19/2026 16:15,9/19/2026 16:16,9/19/2026 16:52,36,9/19/2026 16:15
7E61E290-888B-8021-8F30-01A075EB2EE0,DA7B314F-EC6B-8EFA-9FBC-01A066A14E6B,35EF218D-4D1A-8B4F-953F-01A071CE367F,024F2AC1-40DE-8F28-8027-019FDCC64BE4,Complete,9/19/2026 16:29,9/19/2026 16:30,9/19/2026 17:19,49,9/19/2026 16:29
B5429269-181E-8A8C-8887-01A075EA0B7C,DA7B314F-EC6B-8EFA-9FBC-01A066A14E6B,2E1CCD12-E11F-8C84-90CB-01A071CE8344,3F3C8648-B2D8-8264-9E1E-019FDCC445E7,Complete,9/19/2026 16:47,9/19/2026 16:52,9/19/2026 17:26,34,9/19/2026 16:47
8C1CAA8B-D525-82A9-95F7-01A075E902D6,DA7B314F-EC6B-8EFA-9FBC-01A066A14E6B,2F632EEE-B6E4-8BCC-8E13-01A0B8A87DB9,3F3C8648-B2D8-8264-9E1E-019FDCC445E7,Complete,9/19/2026 16:56,9/19/2026 17:01,9/19/2026 17:35,34,9/19/2026 16:56
744F3879-B370-85BA-8E39-019FDCC2082A,B10B1BE5-B8D6-8925-81E4-019FFA280AE7,D571A663-419C-84B8-8084-01A02C926EBC,024F2AC1-40DE-8F28-8027-019FDCC64BE4,Complete,9/19/2026 16:59,9/19/2026 17:02,9/19/2026 18:02,60,9/19/2026 16:59
1DD4109C-0003-846D-9E16-01A075E98967,DA7B314F-EC6B-8EFA-9FBC-01A066A14E6B,C12A670A-D3ED-8034-995D-01A071CA25B0,024F2AC1-40DE-8F28-8027-019FDCC64BE4,Complete,9/19/2026 17:02,9/19/2026 17:03,9/19/2026 17:56,53,9/19/2026 17:02
E7997E11-0962-8547-8DF5-01A075EC8EE6,DA7B314F-EC6B-8EFA-9FBC-01A066A14E6B,2E1CCD12-E11F-8C84-90CB-01A071CE8344,024F2AC1-40DE-8F28-8027-019FDCC64BE4,Complete,9/19/2026 17:30,9/19/2026 17:34,9/19/2026 18:27,53,9/19/2026 17:30
7E61E290-888B-8021-8F30-01A075EB2EE0,DA7B314F-EC6B-8EFA-9FBC-01A066A14E6B,2F632EEE-B6E4-8BCC-8E13-01A0B8A87DB9,024F2AC1-40DE-8F28-8027-019FDCC64BE4,Complete,9/19/2026 17:37,9/19/2026 17:40,9/19/2026 18:33,53,9/19/2026 17:37
8C1CAA8B-D525-82A9-95F7-01A075E902D6,DA7B314F-EC6B-8EFA-9FBC-01A066A14E6B,D3695AF8-37C8-8C79-99FC-01A0B8A87B4A,3F3C8648-B2D8-8264-9E1E-019FDCC445E7,Complete,9/19/2026 17:44,9/19/2026 17:58,9/19/2026 18:34,36,9/19/2026 17:44
B5429269-181E-8A8C-8887-01A075EA0B7C,DA7B314F-EC6B-8EFA-9FBC-01A066A14E6B,F890EA25-F4E9-8704-9C4E-01A0B8A87D46,3F3C8648-B2D8-8264-9E1E-019FDCC445E7,Complete,9/19/2026 18:02,9/19/2026 18:04,9/19/2026 18:40,36,9/19/2026 18:02
1DD4109C-0003-846D-9E16-01A075E98967,DA7B314F-EC6B-8EFA-9FBC-01A066A14E6B,D3695AF8-37C8-8C79-99FC-01A0B8A87B4A,9496689D-76C0-8560-9CC2-019FDCC7517E,Complete,9/19/2026 18:40,9/19/2026 18:41,9/19/2026 19:31,50,9/19/2026 18:40
E7997E11-0962-8547-8DF5-01A075EC8EE6,DA7B314F-EC6B-8EFA-9FBC-01A066A14E6B,F890EA25-F4E9-8704-9C4E-01A0B8A87D46,024F2AC1-40DE-8F28-8027-019FDCC64BE4,Complete,9/19/2026 18:43,9/19/2026 18:44,9/19/2026 19:33,49,9/19/2026 18:43
6296CC53-A1DD-86DE-84E1-01A075EBC49F,DA7B314F-EC6B-8EFA-9FBC-01A066A14E6B,24FDC6D6-B25E-8414-81B2-01A0B8A87D6C,DA44D833-BC2E-8F68-9B9A-019FDCC36F35,Complete,9/19/2026 19:43,9/19/2026 19:46,9/19/2026 20:20,34,9/19/2026 19:43
B5429269-181E-8A8C-8887-01A075EA0B7C,DA7B314F-EC6B-8EFA-9FBC-01A066A14E6B,37DFF304-09C0-8389-855C-01A0B8A87D69,3F3C8648-B2D8-8264-9E1E-019FDCC445E7,Complete,9/19/2026 19:48,9/19/2026 19:49,9/19/2026 20:22,33,9/19/2026 19:48
7E61E290-888B-8021-8F30-01A075EB2EE0,DA7B314F-EC6B-8EFA-9FBC-01A066A14E6B,24FDC6D6-B25E-8414-81B2-01A0B8A87D6C,9496689D-76C0-8560-9CC2-019FDCC7517E,Complete,9/19/2026 20:50,9/19/2026 20:52,9/19/2026 21:32,40,9/19/2026 20:50
E7997E11-0962-8547-8DF5-01A075EC8EE6,DA7B314F-EC6B-8EFA-9FBC-01A066A14E6B,37DFF304-09C0-8389-855C-01A0B8A87D69,9496689D-76C0-8560-9CC2-019FDCC7517E,Complete,9/19/2026 20:50,9/19/2026 20:52,9/19/2026 21:32,40,9/19/2026 20:50
B5429269-181E-8A8C-8887-01A075EA0B7C,DA7B314F-EC6B-8EFA-9FBC-01A066A14E6B,8CEF866D-01DD-8FB1-9B52-01A0B8A87DAE,3F3C8648-B2D8-8264-9E1E-019FDCC445E7,Complete,9/20/2026 0:28,9/20/2026 0:35,9/20/2026 1:07,32,9/20/2026 0:28
E7997E11-0962-8547-8DF5-01A075EC8EE6,DA7B314F-EC6B-8EFA-9FBC-01A066A14E6B,8CEF866D-01DD-8FB1-9B52-01A0B8A87DAE,024F2AC1-40DE-8F28-8027-019FDCC64BE4,Complete,9/20/2026 1:08,9/20/2026 1:11,9/20/2026 2:00,49,9/20/2026 1:08
8C1CAA8B-D525-82A9-95F7-01A075E902D6,DA7B314F-EC6B-8EFA-9FBC-01A066A14E6B,D28ED389-6CA7-8AA9-9E57-01A071C99A01,3F3C8648-B2D8-8264-9E1E-019FDCC445E7,Complete,9/20/2026 1:29,9/20/2026 1:29,9/20/2026 2:05,36,9/20/2026 1:29
6296CC53-A1DD-86DE-84E1-01A075EBC49F,DA7B314F-EC6B-8EFA-9FBC-01A066A14E6B,3F5880B9-025A-8807-917D-01A071C99BA9,3F3C8648-B2D8-8264-9E1E-019FDCC445E7,Complete,9/20/2026 1:29,9/20/2026 1:30,9/20/2026 2:04,34,9/20/2026 1:29
23DCB446-F5F1-8CCA-9E85-019FDCC161FD,B10B1BE5-B8D6-8925-81E4-019FFA280AE7,F124D4A4-D550-82B2-855D-01A0938F7019,3F3C8648-B2D8-8264-9E1E-019FDCC445E7,Complete,9/20/2026 1:31,9/20/2026 1:32,9/20/2026 2:08,36,9/20/2026 1:31
1DD4109C-0003-846D-9E16-01A075E98967,DA7B314F-EC6B-8EFA-9FBC-01A066A14E6B,D28ED389-6CA7-8AA9-9E57-01A071C99A01,024F2AC1-40DE-8F28-8027-019FDCC64BE4,Complete,9/20/2026 2:06,9/20/2026 2:07,9/20/2026 3:04,57,9/20/2026 2:06
7E61E290-888B-8021-8F30-01A075EB2EE0,DA7B314F-EC6B-8EFA-9FBC-01A066A14E6B,3F5880B9-025A-8807-917D-01A071C99BA9,024F2AC1-40DE-8F28-8027-019FDCC64BE4,Complete,9/20/2026 2:06,9/20/2026 2:07,9/20/2026 3:04,57,9/20/2026 2:06
744F3879-B370-85BA-8E39-019FDCC2082A,B10B1BE5-B8D6-8925-81E4-019FFA280AE7,F124D4A4-D550-82B2-855D-01A0938F7019,024F2AC1-40DE-8F28-8027-019FDCC64BE4,Complete,9/20/2026 2:15,9/20/2026 2:16,9/20/2026 3:16,60,9/20/2026 2:15
B5429269-181E-8A8C-8887-01A075EA0B7C,DA7B314F-EC6B-8EFA-9FBC-01A066A14E6B,39939CEA-27EA-8D57-8BA8-01A071CE95A2,3F3C8648-B2D8-8264-9E1E-019FDCC445E7,Complete,9/20/2026 2:30,9/20/2026 2:33,9/20/2026 3:29,56,9/20/2026 2:30
23DCB446-F5F1-8CCA-9E85-019FDCC161FD,B10B1BE5-B8D6-8925-81E4-019FFA280AE7,E5096CF0-F53D-8126-9DEA-01A05745E8CE,3F3C8648-B2D8-8264-9E1E-019FDCC445E7,Complete,9/20/2026 2:55,9/20/2026 2:57,9/20/2026 3:31,34,9/20/2026 2:55
6296CC53-A1DD-86DE-84E1-01A075EBC49F,DA7B314F-EC6B-8EFA-9FBC-01A066A14E6B,7D783452-5B26-8A52-9CB2-01A0B8A87D9A,3F3C8648-B2D8-8264-9E1E-019FDCC445E7,Complete,9/20/2026 3:20,9/20/2026 3:27,9/20/2026 4:00,33,9/20/2026 3:20
8C1CAA8B-D525-82A9-95F7-01A075E902D6,DA7B314F-EC6B-8EFA-9FBC-01A066A14E6B,267C7952-BEEF-88E1-8422-01A071CE5E79,DA44D833-BC2E-8F68-9B9A-019FDCC36F35,Complete,9/20/2026 3:26,9/20/2026 3:27,9/20/2026 4:04,37,9/20/2026 3:26
B5429269-181E-8A8C-8887-01A075EA0B7C,DA7B314F-EC6B-8EFA-9FBC-01A066A14E6B,225E5321-FCFE-8CA4-9A56-01A071C9C2CF,DA44D833-BC2E-8F68-9B9A-019FDCC36F35,Complete,9/20/2026 4:00,9/20/2026 4:03,9/20/2026 4:43,40,9/20/2026 4:00
7E61E290-888B-8021-8F30-01A075EB2EE0,DA7B314F-EC6B-8EFA-9FBC-01A066A14E6B,7D783452-5B26-8A52-9CB2-01A0B8A87D9A,024F2AC1-40DE-8F28-8027-019FDCC64BE4,Complete,9/20/2026 4:01,9/20/2026 4:04,9/20/2026 4:54,50,9/20/2026 4:01
1DD4109C-0003-846D-9E16-01A075E98967,DA7B314F-EC6B-8EFA-9FBC-01A066A14E6B,267C7952-BEEF-88E1-8422-01A071CE5E79,024F2AC1-40DE-8F28-8027-019FDCC64BE4,Complete,9/20/2026 4:07,9/20/2026 4:08,9/20/2026 4:57,49,9/20/2026 4:07
23DCB446-F5F1-8CCA-9E85-019FDCC161FD,B10B1BE5-B8D6-8925-81E4-019FFA280AE7,EE15422E-9045-8857-923B-01A02A8F45F0,DA44D833-BC2E-8F68-9B9A-019FDCC36F35,Complete,9/20/2026 4:14,9/20/2026 4:15,9/20/2026 4:54,39,9/20/2026 4:14
6296CC53-A1DD-86DE-84E1-01A075EBC49F,DA7B314F-EC6B-8EFA-9FBC-01A066A14E6B,8E1F05F4-1A04-8D07-8562-01A0B8A87D12,3F3C8648-B2D8-8264-9E1E-019FDCC445E7,Complete,9/20/2026 4:36,9/20/2026 4:37,9/20/2026 5:41,64,9/20/2026 4:36
E7997E11-0962-8547-8DF5-01A075EC8EE6,DA7B314F-EC6B-8EFA-9FBC-01A066A14E6B,225E5321-FCFE-8CA4-9A56-01A071C9C2CF,024F2AC1-40DE-8F28-8027-019FDCC64BE4,Complete,9/20/2026 4:45,9/20/2026 4:48,9/20/2026 5:43,55,9/20/2026 4:45
8C1CAA8B-D525-82A9-95F7-01A075E902D6,DA7B314F-EC6B-8EFA-9FBC-01A066A14E6B,A9A599ED-46D1-8C64-924A-01A071CE09C8,3F3C8648-B2D8-8264-9E1E-019FDCC445E7,Complete,9/20/2026 4:54,9/20/2026 4:55,9/20/2026 6:01,66,9/20/2026 4:54
744F3879-B370-85BA-8E39-019FDCC2082A,B10B1BE5-B8D6-8925-81E4-019FFA280AE7,EE15422E-9045-8857-923B-01A02A8F45F0,024F2AC1-40DE-8F28-8027-019FDCC64BE4,Complete,9/20/2026 4:56,9/20/2026 4:57,9/20/2026 5:56,59,9/20/2026 4:56
6296CC53-A1DD-86DE-84E1-01A075EBC49F,DA7B314F-EC6B-8EFA-9FBC-01A066A14E6B,201AA508-BB17-8D94-9CCC-01A0B8A87D53,3F3C8648-B2D8-8264-9E1E-019FDCC445E7,Complete,9/20/2026 6:09,9/20/2026 6:13,9/20/2026 6:55,42,9/20/2026 6:09
23DCB446-F5F1-8CCA-9E85-019FDCC161FD,B10B1BE5-B8D6-8925-81E4-019FFA280AE7,1D9726BB-98B8-8482-82A8-01A0B4842752,3F3C8648-B2D8-8264-9E1E-019FDCC445E7,Complete,9/20/2026 6:16,9/20/2026 6:17,9/20/2026 6:52,35,9/20/2026 6:16
B5429269-181E-8A8C-8887-01A075EA0B7C,DA7B314F-EC6B-8EFA-9FBC-01A066A14E6B,1AAC37EE-8D54-8201-85D4-01A0B8A87DD9,DA44D833-BC2E-8F68-9B9A-019FDCC36F35,Complete,9/20/2026 6:18,9/20/2026 6:21,9/20/2026 6:56,35,9/20/2026 6:18
8C1CAA8B-D525-82A9-95F7-01A075E902D6,DA7B314F-EC6B-8EFA-9FBC-01A066A14E6B,E6D1C60C-42D8-879F-9D95-01A0B8A87DE5,DA44D833-BC2E-8F68-9B9A-019FDCC36F35,Complete,9/20/2026 6:19,9/20/2026 6:23,9/20/2026 6:56,33,9/20/2026 6:19
E7997E11-0962-8547-8DF5-01A075EC8EE6,DA7B314F-EC6B-8EFA-9FBC-01A066A14E6B,1AAC37EE-8D54-8201-85D4-01A0B8A87DD9,9496689D-76C0-8560-9CC2-019FDCC7517E,Complete,9/20/2026 6:50,9/20/2026 7:00,9/20/2026 7:48,48,9/20/2026 6:50
744F3879-B370-85BA-8E39-019FDCC2082A,B10B1BE5-B8D6-8925-81E4-019FFA280AE7,1D9726BB-98B8-8482-82A8-01A0B4842752,024F2AC1-40DE-8F28-8027-019FDCC64BE4,Complete,9/20/2026 6:55,9/20/2026 6:56,9/20/2026 7:55,59,9/20/2026 6:55
7E61E290-888B-8021-8F30-01A075EB2EE0,DA7B314F-EC6B-8EFA-9FBC-01A066A14E6B,201AA508-BB17-8D94-9CCC-01A0B8A87D53,024F2AC1-40DE-8F28-8027-019FDCC64BE4,Complete,9/20/2026 6:55,9/20/2026 6:58,9/20/2026 8:00,62,9/20/2026 6:55
1DD4109C-0003-846D-9E16-01A075E98967,DA7B314F-EC6B-8EFA-9FBC-01A066A14E6B,E6D1C60C-42D8-879F-9D95-01A0B8A87DE5,024F2AC1-40DE-8F28-8027-019FDCC64BE4,Complete,9/20/2026 6:57,9/20/2026 7:00,9/20/2026 7:48,48,9/20/2026 6:57
23DCB446-F5F1-8CCA-9E85-019FDCC161FD,B10B1BE5-B8D6-8925-81E4-019FFA280AE7,00371DAE-6812-83F0-8510-01A04D65A6C3,DA44D833-BC2E-8F68-9B9A-019FDCC36F35,Complete,9/20/2026 7:26,9/20/2026 7:28,9/20/2026 8:10,42,9/20/2026 7:26
B5429269-181E-8A8C-8887-01A075EA0B7C,DA7B314F-EC6B-8EFA-9FBC-01A066A14E6B,4AE4A11F-900D-8D06-9F4F-01A071CE2492,3F3C8648-B2D8-8264-9E1E-019FDCC445E7,Complete,9/20/2026 7:58,9/20/2026 8:05,9/20/2026 8:45,40,9/20/2026 7:58
8C1CAA8B-D525-82A9-95F7-01A075E902D6,DA7B314F-EC6B-8EFA-9FBC-01A066A14E6B,DB364629-1A41-86B1-9055-01A071CE74EA,3F3C8648-B2D8-8264-9E1E-019FDCC445E7,Complete,9/20/2026 8:00,9/20/2026 8:03,9/20/2026 8:50,47,9/20/2026 8:00
744F3879-B370-85BA-8E39-019FDCC2082A,B10B1BE5-B8D6-8925-81E4-019FFA280AE7,00371DAE-6812-83F0-8510-01A04D65A6C3,024F2AC1-40DE-8F28-8027-019FDCC64BE4,Complete,9/20/2026 8:10,9/20/2026 8:12,9/20/2026 9:12,60,9/20/2026 8:10
6296CC53-A1DD-86DE-84E1-01A075EBC49F,DA7B314F-EC6B-8EFA-9FBC-01A066A14E6B,FE277607-4A41-8F39-8F46-01A071CE34D6,3F3C8648-B2D8-8264-9E1E-019FDCC445E7,Complete,9/20/2026 8:22,9/20/2026 8:23,9/20/2026 9:11,48,9/20/2026 8:22
E7997E11-0962-8547-8DF5-01A075EC8EE6,DA7B314F-EC6B-8EFA-9FBC-01A066A14E6B,4AE4A11F-900D-8D06-9F4F-01A071CE2492,024F2AC1-40DE-8F28-8027-019FDCC64BE4,Complete,9/20/2026 8:46,9/20/2026 8:48,9/20/2026 9:38,50,9/20/2026 8:46
23DCB446-F5F1-8CCA-9E85-019FDCC161FD,B10B1BE5-B8D6-8925-81E4-019FFA280AE7,84B7AEA1-D89A-832A-92A1-01A048C8B79C,3F3C8648-B2D8-8264-9E1E-019FDCC445E7,Complete,9/20/2026 8:46,9/20/2026 8:47,9/20/2026 10:36,109,9/20/2026 8:46
1DD4109C-0003-846D-9E16-01A075E98967,DA7B314F-EC6B-8EFA-9FBC-01A066A14E6B,DB364629-1A41-86B1-9055-01A071CE74EA,024F2AC1-40DE-8F28-8027-019FDCC64BE4,Complete,9/20/2026 8:50,9/20/2026 8:52,9/20/2026 9:42,50,9/20/2026 8:50
7E61E290-888B-8021-8F30-01A075EB2EE0,DA7B314F-EC6B-8EFA-9FBC-01A066A14E6B,FE277607-4A41-8F39-8F46-01A071CE34D6,024F2AC1-40DE-8F28-8027-019FDCC64BE4,Complete,9/20/2026 9:13,9/20/2026 9:13,9/20/2026 10:06,53,9/20/2026 9:13
B5429269-181E-8A8C-8887-01A075EA0B7C,DA7B314F-EC6B-8EFA-9FBC-01A066A14E6B,676277ED-BB24-873B-9FB2-01A071CE37FE,3F3C8648-B2D8-8264-9E1E-019FDCC445E7,Complete,9/20/2026 9:13,9/20/2026 9:15,9/20/2026 9:47,32,9/20/2026 9:13
8C1CAA8B-D525-82A9-95F7-01A075E902D6,DA7B314F-EC6B-8EFA-9FBC-01A066A14E6B,14845314-E685-8E81-9C26-01A0B8A87D9B,3F3C8648-B2D8-8264-9E1E-019FDCC445E7,Complete,9/20/2026 9:15,9/20/2026 9:22,9/20/2026 9:57,35,9/20/2026 9:15
6296CC53-A1DD-86DE-84E1-01A075EBC49F,DA7B314F-EC6B-8EFA-9FBC-01A066A14E6B,A6DE8E7F-034C-8C43-8EA4-01A0B8A87DA5,3F3C8648-B2D8-8264-9E1E-019FDCC445E7,Complete,9/20/2026 9:37,9/20/2026 9:40,9/20/2026 10:18,38,9/20/2026 9:37
E7997E11-0962-8547-8DF5-01A075EC8EE6,DA7B314F-EC6B-8EFA-9FBC-01A066A14E6B,676277ED-BB24-873B-9FB2-01A071CE37FE,024F2AC1-40DE-8F28-8027-019FDCC64BE4,Complete,9/20/2026 9:48,9/20/2026 9:49,9/20/2026 10:42,53,9/20/2026 9:48
1DD4109C-0003-846D-9E16-01A075E98967,DA7B314F-EC6B-8EFA-9FBC-01A066A14E6B,14845314-E685-8E81-9C26-01A0B8A87D9B,024F2AC1-40DE-8F28-8027-019FDCC64BE4,Complete,9/20/2026 9:58,9/20/2026 10:01,9/20/2026 10:54,53,9/20/2026 9:58
7E61E290-888B-8021-8F30-01A075EB2EE0,DA7B314F-EC6B-8EFA-9FBC-01A066A14E6B,A6DE8E7F-034C-8C43-8EA4-01A0B8A87DA5,024F2AC1-40DE-8F28-8027-019FDCC64BE4,Complete,9/20/2026 10:19,9/20/2026 10:20,9/20/2026 11:09,49,9/20/2026 10:19
B5429269-181E-8A8C-8887-01A075EA0B7C,DA7B314F-EC6B-8EFA-9FBC-01A066A14E6B,0A11794E-BC61-8C8B-88D5-01A0B8A87D91,3F3C8648-B2D8-8264-9E1E-019FDCC445E7,Complete,9/20/2026 10:29,9/20/2026 10:36,9/20/2026 11:57,81,9/20/2026 10:29
6296CC53-A1DD-86DE-84E1-01A075EBC49F,DA7B314F-EC6B-8EFA-9FBC-01A066A14E6B,DE51BEE9-3EDC-81F3-9FE4-01A071C99552,3F3C8648-B2D8-8264-9E1E-019FDCC445E7,Complete,9/20/2026 10:30,9/20/2026 10:34,9/20/2026 11:51,77,9/20/2026 10:30
8C1CAA8B-D525-82A9-95F7-01A075E902D6,DA7B314F-EC6B-8EFA-9FBC-01A066A14E6B,AE2AB22C-26FF-85C5-849C-01A071CE7E31,3F3C8648-B2D8-8264-9E1E-019FDCC445E7,Complete,9/20/2026 10:46,9/20/2026 10:48,9/20/2026 12:02,74,9/20/2026 10:46
23DCB446-F5F1-8CCA-9E85-019FDCC161FD,B10B1BE5-B8D6-8925-81E4-019FFA280AE7,63698EDD-6D0D-8F76-9084-01A01EED5CD6,3F3C8648-B2D8-8264-9E1E-019FDCC445E7,Complete,9/20/2026 11:05,9/20/2026 11:14,9/20/2026 11:59,45,9/20/2026 11:05
6296CC53-A1DD-86DE-84E1-01A075EBC49F,DA7B314F-EC6B-8EFA-9FBC-01A066A14E6B,256AB30B-C1A9-8720-8872-01A0B8A87D6F,3F3C8648-B2D8-8264-9E1E-019FDCC445E7,Complete,9/20/2026 11:55,9/20/2026 11:57,9/20/2026 12:49,52,9/20/2026 11:55
23DCB446-F5F1-8CCA-9E85-019FDCC161FD,B10B1BE5-B8D6-8925-81E4-019FFA280AE7,7B1D8061-7F2A-8FC7-9C47-01A07BB525BF,3F3C8648-B2D8-8264-9E1E-019FDCC445E7,Complete,9/20/2026 12:02,9/20/2026 12:03,9/20/2026 12:39,36,9/20/2026 12:02
1DD4109C-0003-846D-9E16-01A075E98967,DA7B314F-EC6B-8EFA-9FBC-01A066A14E6B,AE2AB22C-26FF-85C5-849C-01A071CE7E31,024F2AC1-40DE-8F28-8027-019FDCC64BE4,Complete,9/20/2026 12:07,9/20/2026 12:09,9/20/2026 13:07,58,9/20/2026 12:07
B5429269-181E-8A8C-8887-01A075EA0B7C,DA7B314F-EC6B-8EFA-9FBC-01A066A14E6B,35EF218D-4D1A-8B4F-953F-01A071CE367F,DA44D833-BC2E-8F68-9B9A-019FDCC36F35,Complete,9/20/2026 12:24,9/20/2026 12:26,9/20/2026 14:03,97,9/20/2026 12:24
744F3879-B370-85BA-8E39-019FDCC2082A,B10B1BE5-B8D6-8925-81E4-019FFA280AE7,7B1D8061-7F2A-8FC7-9C47-01A07BB525BF,024F2AC1-40DE-8F28-8027-019FDCC64BE4,Complete,9/20/2026 12:41,9/20/2026 12:44,9/20/2026 13:44,60,9/20/2026 12:41
7E61E290-888B-8021-8F30-01A075EB2EE0,DA7B314F-EC6B-8EFA-9FBC-01A066A14E6B,DE51BEE9-3EDC-81F3-9FE4-01A071C99552,024F2AC1-40DE-8F28-8027-019FDCC64BE4,Complete,9/20/2026 12:52,9/20/2026 12:52,9/20/2026 13:46,54,9/20/2026 12:52
8C1CAA8B-D525-82A9-95F7-01A075E902D6,DA7B314F-EC6B-8EFA-9FBC-01A066A14E6B,49E2F04B-68B6-89AA-98C2-01A071CE0DC8,3F3C8648-B2D8-8264-9E1E-019FDCC445E7,Complete,9/20/2026 13:00,9/20/2026 13:02,9/20/2026 14:23,81,9/20/2026 13:00
6296CC53-A1DD-86DE-84E1-01A075EBC49F,DA7B314F-EC6B-8EFA-9FBC-01A066A14E6B,AA68CEFF-A8BA-8F18-9A7F-01A0B8A87D4B,3F3C8648-B2D8-8264-9E1E-019FDCC445E7,Complete,9/20/2026 13:56,9/20/2026 13:59,9/20/2026 14:57,58,9/20/2026 13:56
B5429269-181E-8A8C-8887-01A075EA0B7C,DA7B314F-EC6B-8EFA-9FBC-01A066A14E6B,461F9F16-59EF-89F3-929B-01A0B8A87DB1,DA44D833-BC2E-8F68-9B9A-019FDCC36F35,Complete,9/20/2026 14:16,9/20/2026 14:17,9/20/2026 15:56,99,9/20/2026 14:16
1DD4109C-0003-846D-9E16-01A075E98967,DA7B314F-EC6B-8EFA-9FBC-01A066A14E6B,49E2F04B-68B6-89AA-98C2-01A071CE0DC8,024F2AC1-40DE-8F28-8027-019FDCC64BE4,Complete,9/20/2026 14:25,9/20/2026 14:26,9/20/2026 15:15,49,9/20/2026 14:25
23DCB446-F5F1-8CCA-9E85-019FDCC161FD,B10B1BE5-B8D6-8925-81E4-019FFA280AE7,387616C5-41B2-82A8-9F0D-01A010111A08,DA44D833-BC2E-8F68-9B9A-019FDCC36F35,Complete,9/20/2026 14:48,9/20/2026 14:51,9/20/2026 15:30,39,9/20/2026 14:48
7E61E290-888B-8021-8F30-01A075EB2EE0,DA7B314F-EC6B-8EFA-9FBC-01A066A14E6B,AA68CEFF-A8BA-8F18-9A7F-01A0B8A87D4B,9496689D-76C0-8560-9CC2-019FDCC7517E,Complete,9/20/2026 14:59,9/20/2026 15:00,9/20/2026 15:40,40,9/20/2026 14:59
6296CC53-A1DD-86DE-84E1-01A075EBC49F,DA7B314F-EC6B-8EFA-9FBC-01A066A14E6B,9E0FF407-41F5-8890-87B0-01A0B8A87D5F,3F3C8648-B2D8-8264-9E1E-019FDCC445E7,Complete,9/20/2026 15:19,9/20/2026 15:21,9/20/2026 16:09,48,9/20/2026 15:19
8C1CAA8B-D525-82A9-95F7-01A075E902D6,DA7B314F-EC6B-8EFA-9FBC-01A066A14E6B,91EB98DC-0A4A-8968-82FD-01A071CE8E13,3F3C8648-B2D8-8264-9E1E-019FDCC445E7,Complete,9/20/2026 15:23,9/20/2026 15:23,9/20/2026 16:14,51,9/20/2026 15:23
744F3879-B370-85BA-8E39-019FDCC2082A,B10B1BE5-B8D6-8925-81E4-019FFA280AE7,387616C5-41B2-82A8-9F0D-01A010111A08,024F2AC1-40DE-8F28-8027-019FDCC64BE4,Complete,9/20/2026 15:31,9/20/2026 15:33,9/20/2026 16:33,60,9/20/2026 15:31
E7997E11-0962-8547-8DF5-01A075EC8EE6,DA7B314F-EC6B-8EFA-9FBC-01A066A14E6B,461F9F16-59EF-89F3-929B-01A0B8A87DB1,024F2AC1-40DE-8F28-8027-019FDCC64BE4,Complete,9/20/2026 16:03,9/20/2026 16:03,9/20/2026 16:53,50,9/20/2026 16:03
7E61E290-888B-8021-8F30-01A075EB2EE0,DA7B314F-EC6B-8EFA-9FBC-01A066A14E6B,9E0FF407-41F5-8890-87B0-01A0B8A87D5F,9496689D-76C0-8560-9CC2-019FDCC7517E,Complete,9/20/2026 16:09,9/20/2026 16:12,9/20/2026 16:51,39,9/20/2026 16:09
1DD4109C-0003-846D-9E16-01A075E98967,DA7B314F-EC6B-8EFA-9FBC-01A066A14E6B,91EB98DC-0A4A-8968-82FD-01A071CE8E13,024F2AC1-40DE-8F28-8027-019FDCC64BE4,Complete,9/20/2026 16:18,9/20/2026 16:18,9/20/2026 17:08,50,9/20/2026 16:18
8C1CAA8B-D525-82A9-95F7-01A075E902D6,DA7B314F-EC6B-8EFA-9FBC-01A066A14E6B,AC01A536-F8C3-8E78-970B-01A0B8A87D7F,3F3C8648-B2D8-8264-9E1E-019FDCC445E7,Complete,9/20/2026 16:49,9/20/2026 16:51,9/20/2026 17:25,34,9/20/2026 16:49
B5429269-181E-8A8C-8887-01A075EA0B7C,DA7B314F-EC6B-8EFA-9FBC-01A066A14E6B,DF5E5F60-4126-865C-92B8-01A0B8A87D49,3F3C8648-B2D8-8264-9E1E-019FDCC445E7,Complete,9/20/2026 16:50,9/20/2026 16:52,9/20/2026 17:25,33,9/20/2026 16:50
6296CC53-A1DD-86DE-84E1-01A075EBC49F,DA7B314F-EC6B-8EFA-9FBC-01A066A14E6B,EBF8FA19-68AB-824D-9C55-01A0B8A87D81,3F3C8648-B2D8-8264-9E1E-019FDCC445E7,Complete,9/20/2026 16:57,9/20/2026 17:01,9/20/2026 17:37,36,9/20/2026 16:57
7E61E290-888B-8021-8F30-01A075EB2EE0,DA7B314F-EC6B-8EFA-9FBC-01A066A14E6B,35EF218D-4D1A-8B4F-953F-01A071CE367F,024F2AC1-40DE-8F28-8027-019FDCC64BE4,Complete,9/20/2026 17:15,9/20/2026 17:16,9/20/2026 18:06,50,9/20/2026 17:15
E7997E11-0962-8547-8DF5-01A075EC8EE6,DA7B314F-EC6B-8EFA-9FBC-01A066A14E6B,DF5E5F60-4126-865C-92B8-01A0B8A87D49,024F2AC1-40DE-8F28-8027-019FDCC64BE4,Complete,9/20/2026 17:26,9/20/2026 17:29,9/20/2026 18:18,49,9/20/2026 17:26
1DD4109C-0003-846D-9E16-01A075E98967,DA7B314F-EC6B-8EFA-9FBC-01A066A14E6B,AC01A536-F8C3-8E78-970B-01A0B8A87D7F,9496689D-76C0-8560-9CC2-019FDCC7517E,Complete,9/20/2026 17:28,9/20/2026 17:29,9/20/2026 18:09,40,9/20/2026 17:28
8C1CAA8B-D525-82A9-95F7-01A075E902D6,DA7B314F-EC6B-8EFA-9FBC-01A066A14E6B,10311F01-278C-86DB-90E3-01A0B8A87D7B,3F3C8648-B2D8-8264-9E1E-019FDCC445E7,Complete,9/20/2026 17:29,9/20/2026 17:31,9/20/2026 18:04,33,9/20/2026 17:29
23DCB446-F5F1-8CCA-9E85-019FDCC161FD,B10B1BE5-B8D6-8925-81E4-019FFA280AE7,CB1162F7-4D2B-8564-8FAE-01A029D6CACE,DA44D833-BC2E-8F68-9B9A-019FDCC36F35,Complete,9/20/2026 17:43,9/20/2026 17:45,9/20/2026 18:20,35,9/20/2026 17:43
6296CC53-A1DD-86DE-84E1-01A075EBC49F,DA7B314F-EC6B-8EFA-9FBC-01A066A14E6B,D039EF1F-0C07-8E14-9A4A-01A071C9A41E,DA44D833-BC2E-8F68-9B9A-019FDCC36F35,Complete,9/20/2026 18:05,9/20/2026 18:07,9/20/2026 18:42,35,9/20/2026 18:05
744F3879-B370-85BA-8E39-019FDCC2082A,B10B1BE5-B8D6-8925-81E4-019FFA280AE7,CB1162F7-4D2B-8564-8FAE-01A029D6CACE,024F2AC1-40DE-8F28-8027-019FDCC64BE4,Complete,9/20/2026 18:23,9/20/2026 18:25,9/20/2026 19:24,59,9/20/2026 18:23
1DD4109C-0003-846D-9E16-01A075E98967,DA7B314F-EC6B-8EFA-9FBC-01A066A14E6B,10311F01-278C-86DB-90E3-01A0B8A87D7B,024F2AC1-40DE-8F28-8027-019FDCC64BE4,Complete,9/20/2026 18:30,9/20/2026 18:31,9/20/2026 19:21,50,9/20/2026 18:30
7E61E290-888B-8021-8F30-01A075EB2EE0,DA7B314F-EC6B-8EFA-9FBC-01A066A14E6B,D039EF1F-0C07-8E14-9A4A-01A071C9A41E,024F2AC1-40DE-8F28-8027-019FDCC64BE4,Complete,9/20/2026 18:44,9/20/2026 18:47,9/20/2026 19:37,50,9/20/2026 18:44
23DCB446-F5F1-8CCA-9E85-019FDCC161FD,B10B1BE5-B8D6-8925-81E4-019FFA280AE7,D8D56330-30E9-87F3-9691-01A0BF84E40B,3F3C8648-B2D8-8264-9E1E-019FDCC445E7,Complete,9/20/2026 19:00,9/20/2026 19:00,9/20/2026 19:38,38,9/20/2026 19:00
B5429269-181E-8A8C-8887-01A075EA0B7C,DA7B314F-EC6B-8EFA-9FBC-01A066A14E6B,69CD1D8B-3318-878E-9A08-01A071C989A3,3F3C8648-B2D8-8264-9E1E-019FDCC445E7,AbortedUser,9/20/2026 19:00,9/20/2026 19:01,9/20/2026 19:44,43,9/20/2026 19:00
E7997E11-0962-8547-8DF5-01A075EC8EE6,DA7B314F-EC6B-8EFA-9FBC-01A066A14E6B,AC01A536-F8C3-8E78-970B-01A0B8A87D7F,024F2AC1-40DE-8F28-8027-019FDCC64BE4,Complete,9/20/2026 19:00,9/20/2026 19:02,9/20/2026 19:51,49,9/20/2026 19:00
744F3879-B370-85BA-8E39-019FDCC2082A,B10B1BE5-B8D6-8925-81E4-019FFA280AE7,D8D56330-30E9-87F3-9691-01A0BF84E40B,024F2AC1-40DE-8F28-8027-019FDCC64BE4,Complete,9/20/2026 19:47,9/20/2026 19:53,9/20/2026 20:53,60,9/20/2026 19:47
7E61E290-888B-8021-8F30-01A075EB2EE0,DA7B314F-EC6B-8EFA-9FBC-01A066A14E6B,EBF8FA19-68AB-824D-9C55-01A0B8A87D81,9496689D-76C0-8560-9CC2-019FDCC7517E,Complete,9/20/2026 19:47,9/20/2026 19:49,9/20/2026 20:28,39,9/20/2026 19:47
B5429269-181E-8A8C-8887-01A075EA0B7C,DA7B314F-EC6B-8EFA-9FBC-01A066A14E6B,69CD1D8B-3318-878E-9A08-01A071C989A3,3F3C8648-B2D8-8264-9E1E-019FDCC445E7,Complete,9/20/2026 20:07,9/20/2026 20:07,9/20/2026 20:32,25,9/20/2026 20:07
7E61E290-888B-8021-8F30-01A075EB2EE0,DA7B314F-EC6B-8EFA-9FBC-01A066A14E6B,EBF8FA19-68AB-824D-9C55-01A0B8A87D81,024F2AC1-40DE-8F28-8027-019FDCC64BE4,Complete,9/20/2026 20:29,9/20/2026 20:31,9/20/2026 21:20,49,9/20/2026 20:29
E7997E11-0962-8547-8DF5-01A075EC8EE6,DA7B314F-EC6B-8EFA-9FBC-01A066A14E6B,69CD1D8B-3318-878E-9A08-01A071C989A3,024F2AC1-40DE-8F28-8027-019FDCC64BE4,Complete,9/20/2026 20:36,9/20/2026 20:38,9/20/2026 21:27,49,9/20/2026 20:36
1DD4109C-0003-846D-9E16-01A075E98967,DA7B314F-EC6B-8EFA-9FBC-01A066A14E6B,FBEE6EFD-63F8-86B5-8DD4-01A0B8A87D83,024F2AC1-40DE-8F28-8027-019FDCC64BE4,Complete,9/21/2026 1:29,9/21/2026 1:31,9/21/2026 2:20,49,9/21/2026 1:29
7E61E290-888B-8021-8F30-01A075EB2EE0,DA7B314F-EC6B-8EFA-9FBC-01A066A14E6B,69CD1D8B-3318-878E-9A08-01A071C989A3,024F2AC1-40DE-8F28-8027-019FDCC64BE4,Complete,9/21/2026 1:33,9/21/2026 1:35,9/21/2026 2:24,49,9/21/2026 1:33
8A2CE6A2-F778-821E-90AC-01A06C6BA481,BF6BEF26-9CB4-887D-90EB-019FDCBA6F01,3175825F-7C53-8339-8895-019FE14A36D7,DA44D833-BC2E-8F68-9B9A-019FDCC36F35,Complete,9/21/2026 4:08,9/21/2026 4:09,9/21/2026 4:42,33,9/21/2026 4:08
BDDD4BC8-7814-8CEF-8B75-01A06C6DBD10,BF6BEF26-9CB4-887D-90EB-019FDCBA6F01,3175825F-7C53-8339-8895-019FE14A36D7,73C8CED5-DF39-892E-91D4-019FDCC8BD1D,Complete,9/21/2026 4:50,9/21/2026 4:51,9/21/2026 5:21,30,9/21/2026 4:50
9CCBE0DA-AE2F-8826-9F6C-01A06C6E6022,BF6BEF26-9CB4-887D-90EB-019FDCBA6F01,A4BC5697-17DD-8EDD-9AAF-01A06D6340D6,DA44D833-BC2E-8F68-9B9A-019FDCC36F35,Complete,9/21/2026 4:52,9/21/2026 4:53,9/21/2026 5:24,31,9/21/2026 4:52
8C1CAA8B-D525-82A9-95F7-01A075E902D6,DA7B314F-EC6B-8EFA-9FBC-01A066A14E6B,07AECDBF-424C-8511-91BA-01A071C98279,3F3C8648-B2D8-8264-9E1E-019FDCC445E7,Complete,9/21/2026 5:09,9/21/2026 5:11,9/21/2026 5:44,33,9/21/2026 5:09
52022152-84CA-8986-913E-01A06C701D89,BF6BEF26-9CB4-887D-90EB-019FDCBA6F01,A4BC5697-17DD-8EDD-9AAF-01A06D6340D6,73C8CED5-DF39-892E-91D4-019FDCC8BD1D,Complete,9/21/2026 5:30,9/21/2026 5:30,9/21/2026 6:00,30,9/21/2026 5:30
1DD4109C-0003-846D-9E16-01A075E98967,DA7B314F-EC6B-8EFA-9FBC-01A066A14E6B,07AECDBF-424C-8511-91BA-01A071C98279,9496689D-76C0-8560-9CC2-019FDCC7517E,Complete,9/21/2026 5:45,9/21/2026 5:46,9/21/2026 6:26,40,9/21/2026 5:45
6296CC53-A1DD-86DE-84E1-01A075EBC49F,DA7B314F-EC6B-8EFA-9FBC-01A066A14E6B,09D387C2-F609-86DD-9BA3-01A071CE2B61,3F3C8648-B2D8-8264-9E1E-019FDCC445E7,Complete,9/21/2026 10:39,9/21/2026 10:41,9/21/2026 11:19,38,9/21/2026 10:39
7E61E290-888B-8021-8F30-01A075EB2EE0,DA7B314F-EC6B-8EFA-9FBC-01A066A14E6B,09D387C2-F609-86DD-9BA3-01A071CE2B61,024F2AC1-40DE-8F28-8027-019FDCC64BE4,Complete,9/21/2026 11:22,9/21/2026 11:25,9/21/2026 12:19,54,9/21/2026 11:22
B5429269-181E-8A8C-8887-01A075EA0B7C,DA7B314F-EC6B-8EFA-9FBC-01A066A14E6B,DA9953E4-78B2-87AE-9AAD-01A0B8A87B62,3F3C8648-B2D8-8264-9E1E-019FDCC445E7,Complete,9/21/2026 11:46,9/21/2026 12:03,9/21/2026 12:42,39,9/21/2026 11:46
9CCBE0DA-AE2F-8826-9F6C-01A06C6E6022,8F2E1E23-73A0-8470-9C93-01A0B433B178,C8D4069E-C176-8FBF-8308-01A0C3C8535F,DA44D833-BC2E-8F68-9B9A-019FDCC36F35,Complete,9/21/2026 11:47,9/21/2026 11:48,9/21/2026 12:22,34,9/21/2026 11:47
23DCB446-F5F1-8CCA-9E85-019FDCC161FD,B10B1BE5-B8D6-8925-81E4-019FFA280AE7,6259D422-ECD7-834B-936F-01A0248E3334,3F3C8648-B2D8-8264-9E1E-019FDCC445E7,Complete,9/21/2026 11:54,9/21/2026 11:54,9/21/2026 12:30,36,9/21/2026 11:54
BDDD4BC8-7814-8CEF-8B75-01A06C6DBD10,8F2E1E23-73A0-8470-9C93-01A0B433B178,C8D4069E-C176-8FBF-8308-01A0C3C8535F,024F2AC1-40DE-8F28-8027-019FDCC64BE4,Complete,9/21/2026 12:24,9/21/2026 12:25,9/21/2026 14:06,101,9/21/2026 12:24
8C1CAA8B-D525-82A9-95F7-01A075E902D6,DA7B314F-EC6B-8EFA-9FBC-01A066A14E6B,8F1DD6DC-6F61-8266-89A6-01A0B8A87D8C,3F3C8648-B2D8-8264-9E1E-019FDCC445E7,Complete,9/21/2026 12:26,9/21/2026 12:27,9/21/2026 13:00,33,9/21/2026 12:26
6296CC53-A1DD-86DE-84E1-01A075EBC49F,DA7B314F-EC6B-8EFA-9FBC-01A066A14E6B,3E38690C-3EE1-8E63-8391-01A0B8A87BAB,3F3C8648-B2D8-8264-9E1E-019FDCC445E7,Complete,9/21/2026 12:30,9/21/2026 12:32,9/21/2026 13:08,36,9/21/2026 12:30
744F3879-B370-85BA-8E39-019FDCC2082A,B10B1BE5-B8D6-8925-81E4-019FFA280AE7,6259D422-ECD7-834B-936F-01A0248E3334,024F2AC1-40DE-8F28-8027-019FDCC64BE4,Complete,9/21/2026 12:32,9/21/2026 12:32,9/21/2026 13:32,60,9/21/2026 12:32
E7997E11-0962-8547-8DF5-01A075EC8EE6,DA7B314F-EC6B-8EFA-9FBC-01A066A14E6B,DA9953E4-78B2-87AE-9AAD-01A0B8A87B62,9496689D-76C0-8560-9CC2-019FDCC7517E,Complete,9/21/2026 12:44,9/21/2026 12:47,9/21/2026 13:27,40,9/21/2026 12:44
B5429269-181E-8A8C-8887-01A075EA0B7C,DA7B314F-EC6B-8EFA-9FBC-01A066A14E6B,B08776B6-9908-88A4-8410-01A0B8A87D8E,3F3C8648-B2D8-8264-9E1E-019FDCC445E7,Complete,9/21/2026 12:57,9/21/2026 12:59,9/21/2026 13:34,35,9/21/2026 12:57
1DD4109C-0003-846D-9E16-01A075E98967,DA7B314F-EC6B-8EFA-9FBC-01A066A14E6B,8F1DD6DC-6F61-8266-89A6-01A0B8A87D8C,024F2AC1-40DE-8F28-8027-019FDCC64BE4,Complete,9/21/2026 13:01,9/21/2026 13:02,9/21/2026 13:52,50,9/21/2026 13:01
23DCB446-F5F1-8CCA-9E85-019FDCC161FD,B10B1BE5-B8D6-8925-81E4-019FFA280AE7,C9BAAA03-0CAF-83DC-9AC3-01A086DD2441,3F3C8648-B2D8-8264-9E1E-019FDCC445E7,Complete,9/21/2026 13:09,9/21/2026 13:10,9/21/2026 13:53,43,9/21/2026 13:09
8C1CAA8B-D525-82A9-95F7-01A075E902D6,DA7B314F-EC6B-8EFA-9FBC-01A066A14E6B,7F4CEE50-D69B-821F-910E-01A080C4DA5E,3F3C8648-B2D8-8264-9E1E-019FDCC445E7,Complete,9/21/2026 13:28,9/21/2026 13:30,9/21/2026 14:05,35,9/21/2026 13:28
B5429269-181E-8A8C-8887-01A075EA0B7C,DA7B314F-EC6B-8EFA-9FBC-01A066A14E6B,8176532A-FD52-89A8-9810-01A071CE8C7C,3F3C8648-B2D8-8264-9E1E-019FDCC445E7,Complete,9/21/2026 13:45,9/21/2026 13:47,9/21/2026 14:20,33,9/21/2026 13:45
E7997E11-0962-8547-8DF5-01A075EC8EE6,DA7B314F-EC6B-8EFA-9FBC-01A066A14E6B,B08776B6-9908-88A4-8410-01A0B8A87D8E,9496689D-76C0-8560-9CC2-019FDCC7517E,Complete,9/21/2026 13:54,9/21/2026 13:55,9/21/2026 14:45,50,9/21/2026 13:54
1DD4109C-0003-846D-9E16-01A075E98967,DA7B314F-EC6B-8EFA-9FBC-01A066A14E6B,7F4CEE50-D69B-821F-910E-01A080C4DA5E,024F2AC1-40DE-8F28-8027-019FDCC64BE4,Complete,9/21/2026 14:05,9/21/2026 14:11,9/21/2026 15:01,50,9/21/2026 14:05
6296CC53-A1DD-86DE-84E1-01A075EBC49F,DA7B314F-EC6B-8EFA-9FBC-01A066A14E6B,0FBE5B32-8468-8EB3-96E6-01A0B8A87D75,3F3C8648-B2D8-8264-9E1E-019FDCC445E7,Complete,9/21/2026 14:10,9/21/2026 14:12,9/21/2026 14:48,36,9/21/2026 14:10
7E61E290-888B-8021-8F30-01A075EB2EE0,DA7B314F-EC6B-8EFA-9FBC-01A066A14E6B,8176532A-FD52-89A8-9810-01A071CE8C7C,024F2AC1-40DE-8F28-8027-019FDCC64BE4,Complete,9/21/2026 14:20,9/21/2026 14:22,9/21/2026 15:12,50,9/21/2026 14:20
B5429269-181E-8A8C-8887-01A075EA0B7C,DA7B314F-EC6B-8EFA-9FBC-01A066A14E6B,072A11D7-3D20-8794-85D4-01A071CE2819,3F3C8648-B2D8-8264-9E1E-019FDCC445E7,Complete,9/21/2026 14:32,9/21/2026 14:35,9/21/2026 15:13,38,9/21/2026 14:32
1DD4109C-0003-846D-9E16-01A075E98967,DA7B314F-EC6B-8EFA-9FBC-01A066A14E6B,0FBE5B32-8468-8EB3-96E6-01A0B8A87D75,024F2AC1-40DE-8F28-8027-019FDCC64BE4,Complete,9/21/2026 15:03,9/21/2026 15:03,9/21/2026 15:53,50,9/21/2026 15:03
E7997E11-0962-8547-8DF5-01A075EC8EE6,DA7B314F-EC6B-8EFA-9FBC-01A066A14E6B,072A11D7-3D20-8794-85D4-01A071CE2819,024F2AC1-40DE-8F28-8027-019FDCC64BE4,Complete,9/21/2026 15:14,9/21/2026 15:17,9/21/2026 16:07,50,9/21/2026 15:14
23DCB446-F5F1-8CCA-9E85-019FDCC161FD,B10B1BE5-B8D6-8925-81E4-019FFA280AE7,E87BE1DC-31FC-8035-9A41-01A023F2FC59,3F3C8648-B2D8-8264-9E1E-019FDCC445E7,Complete,9/21/2026 15:30,9/21/2026 15:30,9/21/2026 16:08,38,9/21/2026 15:30
B5429269-181E-8A8C-8887-01A075EA0B7C,DA7B314F-EC6B-8EFA-9FBC-01A066A14E6B,00767313-DFD4-8789-8858-01A071CDEE8A,3F3C8648-B2D8-8264-9E1E-019FDCC445E7,Complete,9/21/2026 15:30,9/21/2026 15:31,9/21/2026 16:07,36,9/21/2026 15:30
6296CC53-A1DD-86DE-84E1-01A075EBC49F,DA7B314F-EC6B-8EFA-9FBC-01A066A14E6B,1781707B-C3EC-8E33-9AB6-01A071CA1B9E,3F3C8648-B2D8-8264-9E1E-019FDCC445E7,Complete,9/21/2026 15:31,9/21/2026 15:31,9/21/2026 16:03,32,9/21/2026 15:31
7E61E290-888B-8021-8F30-01A075EB2EE0,DA7B314F-EC6B-8EFA-9FBC-01A066A14E6B,1781707B-C3EC-8E33-9AB6-01A071CA1B9E,024F2AC1-40DE-8F28-8027-019FDCC64BE4,Complete,9/21/2026 16:06,9/21/2026 16:07,9/21/2026 16:57,50,9/21/2026 16:06
744F3879-B370-85BA-8E39-019FDCC2082A,B10B1BE5-B8D6-8925-81E4-019FFA280AE7,E87BE1DC-31FC-8035-9A41-01A023F2FC59,024F2AC1-40DE-8F28-8027-019FDCC64BE4,Complete,9/21/2026 16:11,9/21/2026 16:11,9/21/2026 16:51,40,9/21/2026 16:11
E7997E11-0962-8547-8DF5-01A075EC8EE6,DA7B314F-EC6B-8EFA-9FBC-01A066A14E6B,00767313-DFD4-8789-8858-01A071CDEE8A,024F2AC1-40DE-8F28-8027-019FDCC64BE4,Complete,9/21/2026 16:12,9/21/2026 16:12,9/21/2026 17:02,50,9/21/2026 16:12
8C1CAA8B-D525-82A9-95F7-01A075E902D6,DA7B314F-EC6B-8EFA-9FBC-01A066A14E6B,BDAE1E0D-44D2-8F91-827A-01A071CA0E1A,DA44D833-BC2E-8F68-9B9A-019FDCC36F35,Complete,9/21/2026 16:29,9/21/2026 16:36,9/21/2026 17:14,38,9/21/2026 16:29
B5429269-181E-8A8C-8887-01A075EA0B7C,DA7B314F-EC6B-8EFA-9FBC-01A066A14E6B,255C7D3E-FE0E-8321-8EF2-01A071CA1148,DA44D833-BC2E-8F68-9B9A-019FDCC36F35,Complete,9/21/2026 16:30,9/21/2026 16:36,9/21/2026 17:18,42,9/21/2026 16:30
6296CC53-A1DD-86DE-84E1-01A075EBC49F,DA7B314F-EC6B-8EFA-9FBC-01A066A14E6B,797C0BAC-F0F0-819C-877B-01A071C9DA75,3F3C8648-B2D8-8264-9E1E-019FDCC445E7,Complete,9/21/2026 16:49,9/21/2026 16:55,9/21/2026 17:31,36,9/21/2026 16:49
1DD4109C-0003-846D-9E16-01A075E98967,DA7B314F-EC6B-8EFA-9FBC-01A066A14E6B,BDAE1E0D-44D2-8F91-827A-01A071CA0E1A,024F2AC1-40DE-8F28-8027-019FDCC64BE4,Complete,9/21/2026 17:15,9/21/2026 17:18,9/21/2026 18:13,55,9/21/2026 17:15
E7997E11-0962-8547-8DF5-01A075EC8EE6,DA7B314F-EC6B-8EFA-9FBC-01A066A14E6B,255C7D3E-FE0E-8321-8EF2-01A071CA1148,024F2AC1-40DE-8F28-8027-019FDCC64BE4,Complete,9/21/2026 17:18,9/21/2026 17:21,9/21/2026 18:15,54,9/21/2026 17:18
7E61E290-888B-8021-8F30-01A075EB2EE0,DA7B314F-EC6B-8EFA-9FBC-01A066A14E6B,797C0BAC-F0F0-819C-877B-01A071C9DA75,9496689D-76C0-8560-9CC2-019FDCC7517E,Complete,9/21/2026 17:31,9/21/2026 17:32,9/21/2026 18:27,55,9/21/2026 17:31
B5429269-181E-8A8C-8887-01A075EA0B7C,DA7B314F-EC6B-8EFA-9FBC-01A066A14E6B,8D2339D0-75C5-86C1-8942-01A071CDF416,DA44D833-BC2E-8F68-9B9A-019FDCC36F35,Complete,9/21/2026 17:45,9/21/2026 17:46,9/21/2026 18:27,41,9/21/2026 17:45
8C1CAA8B-D525-82A9-95F7-01A075E902D6,DA7B314F-EC6B-8EFA-9FBC-01A066A14E6B,26670941-F7E4-808E-9635-01A0B8A87D40,3F3C8648-B2D8-8264-9E1E-019FDCC445E7,Complete,9/21/2026 17:48,9/21/2026 17:52,9/21/2026 18:32,40,9/21/2026 17:48
6296CC53-A1DD-86DE-84E1-01A075EBC49F,DA7B314F-EC6B-8EFA-9FBC-01A066A14E6B,6BA3A082-2710-875E-9DE4-01A071C9D8FB,DA44D833-BC2E-8F68-9B9A-019FDCC36F35,Complete,9/21/2026 18:00,9/21/2026 18:03,9/21/2026 18:38,35,9/21/2026 18:00
E7997E11-0962-8547-8DF5-01A075EC8EE6,DA7B314F-EC6B-8EFA-9FBC-01A066A14E6B,8D2339D0-75C5-86C1-8942-01A071CDF416,024F2AC1-40DE-8F28-8027-019FDCC64BE4,Complete,9/21/2026 18:30,9/21/2026 18:30,9/21/2026 19:20,50,9/21/2026 18:30
1DD4109C-0003-846D-9E16-01A075E98967,DA7B314F-EC6B-8EFA-9FBC-01A066A14E6B,26670941-F7E4-808E-9635-01A0B8A87D40,9496689D-76C0-8560-9CC2-019FDCC7517E,Complete,9/21/2026 18:34,9/21/2026 18:35,9/21/2026 19:15,40,9/21/2026 18:34
7E61E290-888B-8021-8F30-01A075EB2EE0,DA7B314F-EC6B-8EFA-9FBC-01A066A14E6B,6BA3A082-2710-875E-9DE4-01A071C9D8FB,024F2AC1-40DE-8F28-8027-019FDCC64BE4,Complete,9/21/2026 18:39,9/21/2026 18:40,9/21/2026 19:30,50,9/21/2026 18:39
8C1CAA8B-D525-82A9-95F7-01A075E902D6,DA7B314F-EC6B-8EFA-9FBC-01A066A14E6B,5073B05A-90B1-82C4-87B7-01A071CE3B98,3F3C8648-B2D8-8264-9E1E-019FDCC445E7,Complete,9/22/2026 0:16,9/22/2026 0:18,9/22/2026 1:00,42,9/22/2026 0:16
B5429269-181E-8A8C-8887-01A075EA0B7C,DA7B314F-EC6B-8EFA-9FBC-01A066A14E6B,AC01A536-F8C3-8E78-970B-01A0B8A87D7F,3F3C8648-B2D8-8264-9E1E-019FDCC445E7,Complete,9/22/2026 0:57,9/22/2026 0:59,9/22/2026 1:32,33,9/22/2026 0:57
1DD4109C-0003-846D-9E16-01A075E98967,DA7B314F-EC6B-8EFA-9FBC-01A066A14E6B,5073B05A-90B1-82C4-87B7-01A071CE3B98,024F2AC1-40DE-8F28-8027-019FDCC64BE4,Complete,9/22/2026 1:01,9/22/2026 1:03,9/22/2026 1:53,50,9/22/2026 1:01
E7997E11-0962-8547-8DF5-01A075EC8EE6,DA7B314F-EC6B-8EFA-9FBC-01A066A14E6B,AC01A536-F8C3-8E78-970B-01A0B8A87D7F,024F2AC1-40DE-8F28-8027-019FDCC64BE4,Complete,9/22/2026 1:33,9/22/2026 1:37,9/22/2026 2:31,54,9/22/2026 1:33
23DCB446-F5F1-8CCA-9E85-019FDCC161FD,B10B1BE5-B8D6-8925-81E4-019FFA280AE7,46D187E8-C873-85B8-9E5E-01A00FB87B59,3F3C8648-B2D8-8264-9E1E-019FDCC445E7,Complete,9/22/2026 1:34,9/22/2026 1:35,9/22/2026 2:15,40,9/22/2026 1:34
744F3879-B370-85BA-8E39-019FDCC2082A,B10B1BE5-B8D6-8925-81E4-019FFA280AE7,46D187E8-C873-85B8-9E5E-01A00FB87B59,9496689D-76C0-8560-9CC2-019FDCC7517E,Complete,9/22/2026 2:18,9/22/2026 2:19,9/22/2026 2:59,40,9/22/2026 2:18
7E61E290-888B-8021-8F30-01A075EB2EE0,DA7B314F-EC6B-8EFA-9FBC-01A066A14E6B,F4A795FD-9B41-8D14-9DBB-01A071C986E2,024F2AC1-40DE-8F28-8027-019FDCC64BE4,AbortedUser,9/22/2026 2:28,9/22/2026 2:29,9/22/2026 2:30,1,9/22/2026 2:28
7E61E290-888B-8021-8F30-01A075EB2EE0,DA7B314F-EC6B-8EFA-9FBC-01A066A14E6B,F4A795FD-9B41-8D14-9DBB-01A071C986E2,024F2AC1-40DE-8F28-8027-019FDCC64BE4,Complete,9/22/2026 2:32,9/22/2026 2:33,9/22/2026 3:23,50,9/22/2026 2:32
8C1CAA8B-D525-82A9-95F7-01A075E902D6,DA7B314F-EC6B-8EFA-9FBC-01A066A14E6B,C5A36C84-3773-8F97-9F41-01A071C9ADB9,3F3C8648-B2D8-8264-9E1E-019FDCC445E7,Complete,9/22/2026 7:09,9/22/2026 7:10,9/22/2026 7:43,33,9/22/2026 7:09
1DD4109C-0003-846D-9E16-01A075E98967,DA7B314F-EC6B-8EFA-9FBC-01A066A14E6B,C5A36C84-3773-8F97-9F41-01A071C9ADB9,9496689D-76C0-8560-9CC2-019FDCC7517E,Complete,9/22/2026 7:44,9/22/2026 7:45,9/22/2026 8:25,40,9/22/2026 7:44
23DCB446-F5F1-8CCA-9E85-019FDCC161FD,B10B1BE5-B8D6-8925-81E4-019FFA280AE7,46D187E8-C873-85B8-9E5E-01A00FB87B59,3F3C8648-B2D8-8264-9E1E-019FDCC445E7,Complete,9/22/2026 7:54,9/22/2026 7:55,9/22/2026 8:33,38,9/22/2026 7:54
B5429269-181E-8A8C-8887-01A075EA0B7C,DA7B314F-EC6B-8EFA-9FBC-01A066A14E6B,80000696-9372-82F0-9E76-01A071C9CDD3,DA44D833-BC2E-8F68-9B9A-019FDCC36F35,Complete,9/22/2026 8:20,9/22/2026 8:23,9/22/2026 8:59,36,9/22/2026 8:20
744F3879-B370-85BA-8E39-019FDCC2082A,B10B1BE5-B8D6-8925-81E4-019FFA280AE7,46D187E8-C873-85B8-9E5E-01A00FB87B59,024F2AC1-40DE-8F28-8027-019FDCC64BE4,Complete,9/22/2026 8:38,9/22/2026 8:40,9/22/2026 9:42,62,9/22/2026 8:38
E7997E11-0962-8547-8DF5-01A075EC8EE6,DA7B314F-EC6B-8EFA-9FBC-01A066A14E6B,80000696-9372-82F0-9E76-01A071C9CDD3,024F2AC1-40DE-8F28-8027-019FDCC64BE4,Complete,9/22/2026 8:59,9/22/2026 9:02,9/22/2026 9:59,57,9/22/2026 8:59
8C1CAA8B-D525-82A9-95F7-01A075E902D6,DA7B314F-EC6B-8EFA-9FBC-01A066A14E6B,F6A0E392-3C71-839A-9BA5-01A071C9A6FE,3F3C8648-B2D8-8264-9E1E-019FDCC445E7,Complete,9/22/2026 9:41,9/22/2026 9:42,9/22/2026 10:15,33,9/22/2026 9:41
E7997E11-0962-8547-8DF5-01A075EC8EE6,DA7B314F-EC6B-8EFA-9FBC-01A066A14E6B,FB4E10A8-E3F2-81D8-9A0E-01A071C9D1B0,9496689D-76C0-8560-9CC2-019FDCC7517E,Complete,9/22/2026 10:09,9/22/2026 10:10,9/22/2026 10:50,40,9/22/2026 10:09
1DD4109C-0003-846D-9E16-01A075E98967,DA7B314F-EC6B-8EFA-9FBC-01A066A14E6B,F6A0E392-3C71-839A-9BA5-01A071C9A6FE,9496689D-76C0-8560-9CC2-019FDCC7517E,Complete,9/22/2026 10:15,9/22/2026 10:16,9/22/2026 10:56,40,9/22/2026 10:15
23DCB446-F5F1-8CCA-9E85-019FDCC161FD,B10B1BE5-B8D6-8925-81E4-019FFA280AE7,F6148A9D-06CF-8AD2-80A3-01A0C70256FA,3F3C8648-B2D8-8264-9E1E-019FDCC445E7,Complete,9/22/2026 10:24,9/22/2026 10:28,9/22/2026 11:04,36,9/22/2026 10:24
6296CC53-A1DD-86DE-84E1-01A075EBC49F,DA7B314F-EC6B-8EFA-9FBC-01A066A14E6B,DE51BEE9-3EDC-81F3-9FE4-01A071C99552,DA44D833-BC2E-8F68-9B9A-019FDCC36F35,Complete,9/22/2026 10:33,9/22/2026 10:35,9/22/2026 11:26,51,9/22/2026 10:33
744F3879-B370-85BA-8E39-019FDCC2082A,B10B1BE5-B8D6-8925-81E4-019FFA280AE7,F6148A9D-06CF-8AD2-80A3-01A0C70256FA,024F2AC1-40DE-8F28-8027-019FDCC64BE4,Complete,9/22/2026 11:06,9/22/2026 11:07,9/22/2026 12:09,62,9/22/2026 11:06
8C1CAA8B-D525-82A9-95F7-01A075E902D6,DA7B314F-EC6B-8EFA-9FBC-01A066A14E6B,272C4E62-790D-89AB-854E-01A0B8A87CE1,3F3C8648-B2D8-8264-9E1E-019FDCC445E7,Complete,9/22/2026 11:26,9/22/2026 11:28,9/22/2026 12:04,36,9/22/2026 11:26
E7997E11-0962-8547-8DF5-01A075EC8EE6,DA7B314F-EC6B-8EFA-9FBC-01A066A14E6B,DE51BEE9-3EDC-81F3-9FE4-01A071C99552,024F2AC1-40DE-8F28-8027-019FDCC64BE4,Complete,9/22/2026 11:27,9/22/2026 11:28,9/22/2026 12:18,50,9/22/2026 11:27
8A2CE6A2-F778-821E-90AC-01A06C6BA481,8F2E1E23-73A0-8470-9C93-01A0B433B178,891BDCCF-22D6-8C5F-9486-01A0C8EEB913,DA44D833-BC2E-8F68-9B9A-019FDCC36F35,Complete,9/22/2026 11:48,9/22/2026 11:49,9/22/2026 12:27,38,9/22/2026 11:48
1DD4109C-0003-846D-9E16-01A075E98967,DA7B314F-EC6B-8EFA-9FBC-01A066A14E6B,272C4E62-790D-89AB-854E-01A0B8A87CE1,024F2AC1-40DE-8F28-8027-019FDCC64BE4,Complete,9/22/2026 12:04,9/22/2026 12:06,9/22/2026 12:56,50,9/22/2026 12:04
9CCBE0DA-AE2F-8826-9F6C-01A06C6E6022,8F2E1E23-73A0-8470-9C93-01A0B433B178,839D60A0-0AA2-88CA-8639-01A0C907E023,DA44D833-BC2E-8F68-9B9A-019FDCC36F35,Complete,9/22/2026 12:19,9/22/2026 12:22,9/22/2026 12:55,33,9/22/2026 12:19
52022152-84CA-8986-913E-01A06C701D89,8F2E1E23-73A0-8470-9C93-01A0B433B178,891BDCCF-22D6-8C5F-9486-01A0C8EEB913,024F2AC1-40DE-8F28-8027-019FDCC64BE4,Complete,9/22/2026 12:29,9/22/2026 12:29,9/22/2026 14:06,97,9/22/2026 12:29
B5429269-181E-8A8C-8887-01A075EA0B7C,DA7B314F-EC6B-8EFA-9FBC-01A066A14E6B,4647A982-8C2A-8DAA-9B9F-01A071CE93D6,3F3C8648-B2D8-8264-9E1E-019FDCC445E7,Complete,9/22/2026 12:39,9/22/2026 12:39,9/22/2026 13:17,38,9/22/2026 12:39
BDDD4BC8-7814-8CEF-8B75-01A06C6DBD10,8F2E1E23-73A0-8470-9C93-01A0B433B178,839D60A0-0AA2-88CA-8639-01A0C907E023,024F2AC1-40DE-8F28-8027-019FDCC64BE4,Complete,9/22/2026 12:55,9/22/2026 12:57,9/22/2026 13:37,40,9/22/2026 12:55
6296CC53-A1DD-86DE-84E1-01A075EBC49F,DA7B314F-EC6B-8EFA-9FBC-01A066A14E6B,26A44315-722F-810D-9275-01A0B8A87D59,3F3C8648-B2D8-8264-9E1E-019FDCC445E7,Complete,9/22/2026 13:00,9/22/2026 13:02,9/22/2026 13:39,37,9/22/2026 13:00
E7997E11-0962-8547-8DF5-01A075EC8EE6,DA7B314F-EC6B-8EFA-9FBC-01A066A14E6B,4647A982-8C2A-8DAA-9B9F-01A071CE93D6,024F2AC1-40DE-8F28-8027-019FDCC64BE4,Complete,9/22/2026 13:29,9/22/2026 13:30,9/22/2026 14:20,50,9/22/2026 13:29
8C1CAA8B-D525-82A9-95F7-01A075E902D6,DA7B314F-EC6B-8EFA-9FBC-01A066A14E6B,D3F758B4-7DB5-8D68-959D-01A0B8A87D8F,3F3C8648-B2D8-8264-9E1E-019FDCC445E7,Complete,9/22/2026 13:45,9/22/2026 13:46,9/22/2026 14:20,34,9/22/2026 13:45
1DD4109C-0003-846D-9E16-01A075E98967,DA7B314F-EC6B-8EFA-9FBC-01A066A14E6B,26A44315-722F-810D-9275-01A0B8A87D59,024F2AC1-40DE-8F28-8027-019FDCC64BE4,Complete,9/22/2026 13:45,9/22/2026 13:46,9/22/2026 14:36,50,9/22/2026 13:45
6296CC53-A1DD-86DE-84E1-01A075EBC49F,DA7B314F-EC6B-8EFA-9FBC-01A066A14E6B,F3A410BD-5D7D-8A12-9A90-01A0B8A87DBF,DA44D833-BC2E-8F68-9B9A-019FDCC36F35,Complete,9/22/2026 13:58,9/22/2026 13:59,9/22/2026 14:33,34,9/22/2026 13:58
7E61E290-888B-8021-8F30-01A075EB2EE0,DA7B314F-EC6B-8EFA-9FBC-01A066A14E6B,D3F758B4-7DB5-8D68-959D-01A0B8A87D8F,024F2AC1-40DE-8F28-8027-019FDCC64BE4,Complete,9/22/2026 14:21,9/22/2026 14:22,9/22/2026 15:12,50,9/22/2026 14:21
8C1CAA8B-D525-82A9-95F7-01A075E902D6,DA7B314F-EC6B-8EFA-9FBC-01A066A14E6B,EFCC7A40-A16A-8CDE-88B4-01A071C9F214,3F3C8648-B2D8-8264-9E1E-019FDCC445E7,Complete,9/22/2026 14:27,9/22/2026 14:29,9/22/2026 15:04,35,9/22/2026 14:27
23DCB446-F5F1-8CCA-9E85-019FDCC161FD,B10B1BE5-B8D6-8925-81E4-019FFA280AE7,9BF88BDE-3FEA-8193-99B8-01A0C987FA4F,3F3C8648-B2D8-8264-9E1E-019FDCC445E7,Complete,9/22/2026 14:34,9/22/2026 14:36,9/22/2026 15:11,35,9/22/2026 14:34
E7997E11-0962-8547-8DF5-01A075EC8EE6,DA7B314F-EC6B-8EFA-9FBC-01A066A14E6B,F3A410BD-5D7D-8A12-9A90-01A0B8A87DBF,024F2AC1-40DE-8F28-8027-019FDCC64BE4,Complete,9/22/2026 14:48,9/22/2026 14:49,9/22/2026 15:39,50,9/22/2026 14:48
1DD4109C-0003-846D-9E16-01A075E98967,DA7B314F-EC6B-8EFA-9FBC-01A066A14E6B,EFCC7A40-A16A-8CDE-88B4-01A071C9F214,024F2AC1-40DE-8F28-8027-019FDCC64BE4,Complete,9/22/2026 15:04,9/22/2026 15:06,9/22/2026 15:56,50,9/22/2026 15:04
B5429269-181E-8A8C-8887-01A075EA0B7C,DA7B314F-EC6B-8EFA-9FBC-01A066A14E6B,8093F45B-BB4D-8F91-9E4C-01A071CA0176,3F3C8648-B2D8-8264-9E1E-019FDCC445E7,Complete,9/22/2026 15:14,9/22/2026 15:15,9/22/2026 16:00,45,9/22/2026 15:14
6296CC53-A1DD-86DE-84E1-01A075EBC49F,DA7B314F-EC6B-8EFA-9FBC-01A066A14E6B,DEEA7DF9-F3E3-8527-907C-01A071CE1417,DA44D833-BC2E-8F68-9B9A-019FDCC36F35,Complete,9/22/2026 15:25,9/22/2026 15:27,9/22/2026 16:15,48,9/22/2026 15:25
9CCBE0DA-AE2F-8826-9F6C-01A06C6E6022,8F2E1E23-73A0-8470-9C93-01A0B433B178,ADB77825-8A0D-8B6A-8328-01A0C9BC3704,DA44D833-BC2E-8F68-9B9A-019FDCC36F35,AbortedUser,9/22/2026 15:32,9/22/2026 15:32,9/22/2026 15:40,8,9/22/2026 15:32
9CCBE0DA-AE2F-8826-9F6C-01A06C6E6022,8F2E1E23-73A0-8470-9C93-01A0B433B178,ADB77825-8A0D-8B6A-8328-01A0C9BC3704,DA44D833-BC2E-8F68-9B9A-019FDCC36F35,Complete,9/22/2026 15:44,9/22/2026 15:45,9/22/2026 16:19,34,9/22/2026 15:44
8C1CAA8B-D525-82A9-95F7-01A075E902D6,DA7B314F-EC6B-8EFA-9FBC-01A066A14E6B,3FF6437C-9F8A-81A0-830C-01A071CE4A77,3F3C8648-B2D8-8264-9E1E-019FDCC445E7,Complete,9/22/2026 15:58,9/22/2026 16:00,9/22/2026 16:36,36,9/22/2026 15:58
E7997E11-0962-8547-8DF5-01A075EC8EE6,DA7B314F-EC6B-8EFA-9FBC-01A066A14E6B,8093F45B-BB4D-8F91-9E4C-01A071CA0176,024F2AC1-40DE-8F28-8027-019FDCC64BE4,Complete,9/22/2026 16:01,9/22/2026 16:02,9/22/2026 16:52,50,9/22/2026 16:01
BDDD4BC8-7814-8CEF-8B75-01A06C6DBD10,8F2E1E23-73A0-8470-9C93-01A0B433B178,ADB77825-8A0D-8B6A-8328-01A0C9BC3704,9496689D-76C0-8560-9CC2-019FDCC7517E,Complete,9/22/2026 16:19,9/22/2026 16:20,9/22/2026 17:00,40,9/22/2026 16:19
7E61E290-888B-8021-8F30-01A075EB2EE0,DA7B314F-EC6B-8EFA-9FBC-01A066A14E6B,DEEA7DF9-F3E3-8527-907C-01A071CE1417,024F2AC1-40DE-8F28-8027-019FDCC64BE4,Complete,9/22/2026 16:19,9/22/2026 16:20,9/22/2026 17:10,50,9/22/2026 16:19
1DD4109C-0003-846D-9E16-01A075E98967,DA7B314F-EC6B-8EFA-9FBC-01A066A14E6B,3FF6437C-9F8A-81A0-830C-01A071CE4A77,024F2AC1-40DE-8F28-8027-019FDCC64BE4,Complete,9/22/2026 16:36,9/22/2026 16:39,9/22/2026 17:29,50,9/22/2026 16:36
B5429269-181E-8A8C-8887-01A075EA0B7C,DA7B314F-EC6B-8EFA-9FBC-01A066A14E6B,22D4BE7D-83A2-8D05-8243-01A071CE4749,3F3C8648-B2D8-8264-9E1E-019FDCC445E7,Complete,9/22/2026 16:36,9/22/2026 16:39,9/22/2026 17:13,34,9/22/2026 16:36
6296CC53-A1DD-86DE-84E1-01A075EBC49F,DA7B314F-EC6B-8EFA-9FBC-01A066A14E6B,429A2499-D3A2-892F-9376-01A071CE4DC3,3F3C8648-B2D8-8264-9E1E-019FDCC445E7,Complete,9/22/2026 16:39,9/22/2026 16:41,9/22/2026 17:19,38,9/22/2026 16:39
8C1CAA8B-D525-82A9-95F7-01A075E902D6,DA7B314F-EC6B-8EFA-9FBC-01A066A14E6B,96E6E6EC-63F6-8487-9290-01A071CE682F,3F3C8648-B2D8-8264-9E1E-019FDCC445E7,Complete,9/22/2026 17:15,9/22/2026 17:17,9/22/2026 17:58,41,9/22/2026 17:15
E7997E11-0962-8547-8DF5-01A075EC8EE6,DA7B314F-EC6B-8EFA-9FBC-01A066A14E6B,22D4BE7D-83A2-8D05-8243-01A071CE4749,024F2AC1-40DE-8F28-8027-019FDCC64BE4,Complete,9/22/2026 17:16,9/22/2026 17:17,9/22/2026 18:12,55,9/22/2026 17:16
7E61E290-888B-8021-8F30-01A075EB2EE0,DA7B314F-EC6B-8EFA-9FBC-01A066A14E6B,429A2499-D3A2-892F-9376-01A071CE4DC3,024F2AC1-40DE-8F28-8027-019FDCC64BE4,Complete,9/22/2026 17:21,9/22/2026 17:22,9/22/2026 18:16,54,9/22/2026 17:21
B5429269-181E-8A8C-8887-01A075EA0B7C,DA7B314F-EC6B-8EFA-9FBC-01A066A14E6B,5115F435-CACA-89FA-830E-01A071C9EEE3,3F3C8648-B2D8-8264-9E1E-019FDCC445E7,Complete,9/22/2026 17:33,9/22/2026 17:37,9/22/2026 18:21,44,9/22/2026 17:33
1DD4109C-0003-846D-9E16-01A075E98967,DA7B314F-EC6B-8EFA-9FBC-01A066A14E6B,96E6E6EC-63F6-8487-9290-01A071CE682F,9496689D-76C0-8560-9CC2-019FDCC7517E,Complete,9/22/2026 17:58,9/22/2026 18:00,9/22/2026 18:50,50,9/22/2026 17:58
6296CC53-A1DD-86DE-84E1-01A075EBC49F,DA7B314F-EC6B-8EFA-9FBC-01A066A14E6B,FA29A039-C075-803B-8C42-01A071C9EBA6,3F3C8648-B2D8-8264-9E1E-019FDCC445E7,Complete,9/22/2026 18:05,9/22/2026 18:06,9/22/2026 18:48,42,9/22/2026 18:05
7E61E290-888B-8021-8F30-01A075EB2EE0,DA7B314F-EC6B-8EFA-9FBC-01A066A14E6B,FA29A039-C075-803B-8C42-01A071C9EBA6,024F2AC1-40DE-8F28-8027-019FDCC64BE4,Complete,9/22/2026 18:51,9/22/2026 18:54,9/22/2026 19:47,53,9/22/2026 18:51
B5429269-181E-8A8C-8887-01A075EA0B7C,DA7B314F-EC6B-8EFA-9FBC-01A066A14E6B,256AB30B-C1A9-8720-8872-01A0B8A87D6F,DA44D833-BC2E-8F68-9B9A-019FDCC36F35,Complete,9/23/2026 1:29,9/23/2026 1:33,9/23/2026 2:13,40,9/23/2026 1:29
8C1CAA8B-D525-82A9-95F7-01A075E902D6,DA7B314F-EC6B-8EFA-9FBC-01A066A14E6B,C7CBBDCB-626A-8517-8BEF-01A0B8A87D43,3F3C8648-B2D8-8264-9E1E-019FDCC445E7,Complete,9/23/2026 1:32,9/23/2026 1:36,9/23/2026 2:13,37,9/23/2026 1:32
1DD4109C-0003-846D-9E16-01A075E98967,DA7B314F-EC6B-8EFA-9FBC-01A066A14E6B,C7CBBDCB-626A-8517-8BEF-01A0B8A87D43,9496689D-76C0-8560-9CC2-019FDCC7517E,Complete,9/23/2026 2:14,9/23/2026 2:16,9/23/2026 2:56,40,9/23/2026 2:14
E7997E11-0962-8547-8DF5-01A075EC8EE6,DA7B314F-EC6B-8EFA-9FBC-01A066A14E6B,256AB30B-C1A9-8720-8872-01A0B8A87D6F,024F2AC1-40DE-8F28-8027-019FDCC64BE4,Complete,9/23/2026 2:17,9/23/2026 2:18,9/23/2026 3:08,50,9/23/2026 2:17
23DCB446-F5F1-8CCA-9E85-019FDCC161FD,B10B1BE5-B8D6-8925-81E4-019FFA280AE7,D1F16642-ED34-804C-866C-01A0CCCA38B9,3F3C8648-B2D8-8264-9E1E-019FDCC445E7,Complete,9/23/2026 5:48,9/23/2026 5:48,9/23/2026 6:23,35,9/23/2026 5:48
744F3879-B370-85BA-8E39-019FDCC2082A,B10B1BE5-B8D6-8925-81E4-019FFA280AE7,D1F16642-ED34-804C-866C-01A0CCCA38B9,024F2AC1-40DE-8F28-8027-019FDCC64BE4,Complete,9/23/2026 6:32,9/23/2026 6:32,9/23/2026 7:32,60,9/23/2026 6:32
8C1CAA8B-D525-82A9-95F7-01A075E902D6,DA7B314F-EC6B-8EFA-9FBC-01A066A14E6B,DB364629-1A41-86B1-9055-01A071CE74EA,3F3C8648-B2D8-8264-9E1E-019FDCC445E7,Complete,9/23/2026 11:13,9/23/2026 11:29,9/23/2026 12:03,34,9/23/2026 11:13
8A2CE6A2-F778-821E-90AC-01A06C6BA481,8F2E1E23-73A0-8470-9C93-01A0B433B178,F4E8F818-217B-8A58-9EB3-01A0CDF5100A,3F3C8648-B2D8-8264-9E1E-019FDCC445E7,Complete,9/23/2026 11:15,9/23/2026 11:16,9/23/2026 11:51,35,9/23/2026 11:15
B5429269-181E-8A8C-8887-01A075EA0B7C,DA7B314F-EC6B-8EFA-9FBC-01A066A14E6B,DC36B221-E6FC-86FB-88CA-01A0B8A87D89,3F3C8648-B2D8-8264-9E1E-019FDCC445E7,Complete,9/23/2026 11:23,9/23/2026 11:30,9/23/2026 12:05,35,9/23/2026 11:23
23DCB446-F5F1-8CCA-9E85-019FDCC161FD,B10B1BE5-B8D6-8925-81E4-019FFA280AE7,C9BAAA03-0CAF-83DC-9AC3-01A086DD2441,DA44D833-BC2E-8F68-9B9A-019FDCC36F35,Complete,9/23/2026 11:40,9/23/2026 11:40,9/23/2026 12:18,38,9/23/2026 11:40
52022152-84CA-8986-913E-01A06C701D89,8F2E1E23-73A0-8470-9C93-01A0B433B178,F4E8F818-217B-8A58-9EB3-01A0CDF5100A,024F2AC1-40DE-8F28-8027-019FDCC64BE4,Complete,9/23/2026 11:51,9/23/2026 11:54,9/23/2026 12:54,60,9/23/2026 11:51
6296CC53-A1DD-86DE-84E1-01A075EBC49F,DA7B314F-EC6B-8EFA-9FBC-01A066A14E6B,165F52DB-7786-8936-9CA6-01A071CA1F94,3F3C8648-B2D8-8264-9E1E-019FDCC445E7,Complete,9/23/2026 11:54,9/23/2026 11:55,9/23/2026 12:46,51,9/23/2026 11:54
1DD4109C-0003-846D-9E16-01A075E98967,DA7B314F-EC6B-8EFA-9FBC-01A066A14E6B,DB364629-1A41-86B1-9055-01A071CE74EA,024F2AC1-40DE-8F28-8027-019FDCC64BE4,Complete,9/23/2026 12:04,9/23/2026 12:05,9/23/2026 13:07,62,9/23/2026 12:04
8C1CAA8B-D525-82A9-95F7-01A075E902D6,DA7B314F-EC6B-8EFA-9FBC-01A066A14E6B,CBFCF706-A7AA-8A79-86F7-01A071CE31A1,DA44D833-BC2E-8F68-9B9A-019FDCC36F35,Complete,9/23/2026 12:26,9/23/2026 12:30,9/23/2026 13:06,36,9/23/2026 12:26
7E61E290-888B-8021-8F30-01A075EB2EE0,DA7B314F-EC6B-8EFA-9FBC-01A066A14E6B,165F52DB-7786-8936-9CA6-01A071CA1F94,024F2AC1-40DE-8F28-8027-019FDCC64BE4,Complete,9/23/2026 12:47,9/23/2026 12:49,9/23/2026 13:39,50,9/23/2026 12:47
E7997E11-0962-8547-8DF5-01A075EC8EE6,DA7B314F-EC6B-8EFA-9FBC-01A066A14E6B,E7DCFE7C-E921-8001-92A6-01A071C9EA0A,024F2AC1-40DE-8F28-8027-019FDCC64BE4,Complete,9/23/2026 12:54,9/23/2026 12:55,9/23/2026 13:45,50,9/23/2026 12:54
1DD4109C-0003-846D-9E16-01A075E98967,DA7B314F-EC6B-8EFA-9FBC-01A066A14E6B,CBFCF706-A7AA-8A79-86F7-01A071CE31A1,024F2AC1-40DE-8F28-8027-019FDCC64BE4,Complete,9/23/2026 13:08,9/23/2026 13:10,9/23/2026 14:00,50,9/23/2026 13:08
B5429269-181E-8A8C-8887-01A075EA0B7C,DA7B314F-EC6B-8EFA-9FBC-01A066A14E6B,4609FA6E-B9A6-8EC6-88EF-01A0B8A87C51,3F3C8648-B2D8-8264-9E1E-019FDCC445E7,Complete,9/23/2026 13:17,9/23/2026 13:20,9/23/2026 13:57,37,9/23/2026 13:17
6296CC53-A1DD-86DE-84E1-01A075EBC49F,DA7B314F-EC6B-8EFA-9FBC-01A066A14E6B,67BAB6D1-FC64-8104-91F5-01A0B8A87C6A,3F3C8648-B2D8-8264-9E1E-019FDCC445E7,Complete,9/23/2026 13:20,9/23/2026 13:23,9/23/2026 13:59,36,9/23/2026 13:20
8C1CAA8B-D525-82A9-95F7-01A075E902D6,DA7B314F-EC6B-8EFA-9FBC-01A066A14E6B,24FDC6D6-B25E-8414-81B2-01A0B8A87D6C,DA44D833-BC2E-8F68-9B9A-019FDCC36F35,Complete,9/23/2026 13:23,9/23/2026 13:26,9/23/2026 14:03,37,9/23/2026 13:23
7E61E290-888B-8021-8F30-01A075EB2EE0,DA7B314F-EC6B-8EFA-9FBC-01A066A14E6B,67BAB6D1-FC64-8104-91F5-01A0B8A87C6A,024F2AC1-40DE-8F28-8027-019FDCC64BE4,Complete,9/23/2026 14:01,9/23/2026 14:03,9/23/2026 14:59,56,9/23/2026 14:01
E7997E11-0962-8547-8DF5-01A075EC8EE6,DA7B314F-EC6B-8EFA-9FBC-01A066A14E6B,4609FA6E-B9A6-8EC6-88EF-01A0B8A87C51,024F2AC1-40DE-8F28-8027-019FDCC64BE4,Complete,9/23/2026 14:02,9/23/2026 14:03,9/23/2026 14:59,56,9/23/2026 14:02
1DD4109C-0003-846D-9E16-01A075E98967,DA7B314F-EC6B-8EFA-9FBC-01A066A14E6B,24FDC6D6-B25E-8414-81B2-01A0B8A87D6C,024F2AC1-40DE-8F28-8027-019FDCC64BE4,Complete,9/23/2026 14:05,9/23/2026 14:08,9/23/2026 14:58,50,9/23/2026 14:05
8C1CAA8B-D525-82A9-95F7-01A075E902D6,DA7B314F-EC6B-8EFA-9FBC-01A066A14E6B,C212986E-B73E-85CF-9F12-01A071CDF0F5,3F3C8648-B2D8-8264-9E1E-019FDCC445E7,Complete,9/23/2026 14:45,9/23/2026 14:46,9/23/2026 15:21,35,9/23/2026 14:45
B5429269-181E-8A8C-8887-01A075EA0B7C,DA7B314F-EC6B-8EFA-9FBC-01A066A14E6B,2AB5FE89-DD1F-8BF7-95B2-01A071CE208F,3F3C8648-B2D8-8264-9E1E-019FDCC445E7,Complete,9/23/2026 14:46,9/23/2026 14:47,9/23/2026 15:20,33,9/23/2026 14:46
6296CC53-A1DD-86DE-84E1-01A075EBC49F,DA7B314F-EC6B-8EFA-9FBC-01A066A14E6B,D46CE9E4-433C-86EA-80FD-01A071CDF280,3F3C8648-B2D8-8264-9E1E-019FDCC445E7,Complete,9/23/2026 14:47,9/23/2026 14:48,9/23/2026 15:37,49,9/23/2026 14:47
E7997E11-0962-8547-8DF5-01A075EC8EE6,DA7B314F-EC6B-8EFA-9FBC-01A066A14E6B,2AB5FE89-DD1F-8BF7-95B2-01A071CE208F,024F2AC1-40DE-8F28-8027-019FDCC64BE4,Complete,9/23/2026 15:24,9/23/2026 15:25,9/23/2026 16:15,50,9/23/2026 15:24
1DD4109C-0003-846D-9E16-01A075E98967,DA7B314F-EC6B-8EFA-9FBC-01A066A14E6B,C212986E-B73E-85CF-9F12-01A071CDF0F5,024F2AC1-40DE-8F28-8027-019FDCC64BE4,Complete,9/23/2026 15:25,9/23/2026 15:26,9/23/2026 16:16,50,9/23/2026 15:25
7E61E290-888B-8021-8F30-01A075EB2EE0,DA7B314F-EC6B-8EFA-9FBC-01A066A14E6B,D46CE9E4-433C-86EA-80FD-01A071CDF280,024F2AC1-40DE-8F28-8027-019FDCC64BE4,Complete,9/23/2026 15:37,9/23/2026 15:37,9/23/2026 16:27,50,9/23/2026 15:37
B5429269-181E-8A8C-8887-01A075EA0B7C,DA7B314F-EC6B-8EFA-9FBC-01A066A14E6B,37DFF304-09C0-8389-855C-01A0B8A87D69,3F3C8648-B2D8-8264-9E1E-019FDCC445E7,Complete,9/23/2026 15:49,9/23/2026 15:51,9/23/2026 16:46,55,9/23/2026 15:49
8C1CAA8B-D525-82A9-95F7-01A075E902D6,DA7B314F-EC6B-8EFA-9FBC-01A066A14E6B,94845FCC-5803-8DC2-9120-01A0B8A87D6A,3F3C8648-B2D8-8264-9E1E-019FDCC445E7,Complete,9/23/2026 15:50,9/23/2026 15:52,9/23/2026 16:46,54,9/23/2026 15:50
6296CC53-A1DD-86DE-84E1-01A075EBC49F,DA7B314F-EC6B-8EFA-9FBC-01A066A14E6B,88D60C80-2947-88DB-97E6-01A071CA1A10,DA44D833-BC2E-8F68-9B9A-019FDCC36F35,Complete,9/23/2026 16:03,9/23/2026 16:08,9/23/2026 16:59,51,9/23/2026 16:03
E7997E11-0962-8547-8DF5-01A075EC8EE6,DA7B314F-EC6B-8EFA-9FBC-01A066A14E6B,37DFF304-09C0-8389-855C-01A0B8A87D69,9496689D-76C0-8560-9CC2-019FDCC7517E,Complete,9/23/2026 16:37,9/23/2026 16:46,9/23/2026 17:42,56,9/23/2026 16:37
1DD4109C-0003-846D-9E16-01A075E98967,DA7B314F-EC6B-8EFA-9FBC-01A066A14E6B,94845FCC-5803-8DC2-9120-01A0B8A87D6A,73C8CED5-DF39-892E-91D4-019FDCC8BD1D,Complete,9/23/2026 16:41,9/23/2026 16:48,9/23/2026 17:18,30,9/23/2026 16:41
8C1CAA8B-D525-82A9-95F7-01A075E902D6,DA7B314F-EC6B-8EFA-9FBC-01A066A14E6B,76C01137-5DEA-8853-980A-01A0B8A87D85,DA44D833-BC2E-8F68-9B9A-019FDCC36F35,Complete,9/23/2026 17:00,9/23/2026 17:00,9/23/2026 17:44,44,9/23/2026 17:00
B5429269-181E-8A8C-8887-01A075EA0B7C,DA7B314F-EC6B-8EFA-9FBC-01A066A14E6B,BABBA5A3-ABB7-8170-90C0-01A0B8A87D88,3F3C8648-B2D8-8264-9E1E-019FDCC445E7,Complete,9/23/2026 17:00,9/23/2026 17:01,9/23/2026 17:46,45,9/23/2026 17:00
1DD4109C-0003-846D-9E16-01A075E98967,DA7B314F-EC6B-8EFA-9FBC-01A066A14E6B,76C01137-5DEA-8853-980A-01A0B8A87D85,024F2AC1-40DE-8F28-8027-019FDCC64BE4,Complete,9/23/2026 17:44,9/23/2026 17:46,9/23/2026 18:36,50,9/23/2026 17:44
E7997E11-0962-8547-8DF5-01A075EC8EE6,DA7B314F-EC6B-8EFA-9FBC-01A066A14E6B,BABBA5A3-ABB7-8170-90C0-01A0B8A87D88,024F2AC1-40DE-8F28-8027-019FDCC64BE4,Complete,9/23/2026 17:47,9/23/2026 17:48,9/23/2026 18:38,50,9/23/2026 17:47
6296CC53-A1DD-86DE-84E1-01A075EBC49F,DA7B314F-EC6B-8EFA-9FBC-01A066A14E6B,461F9F16-59EF-89F3-929B-01A0B8A87DB1,3F3C8648-B2D8-8264-9E1E-019FDCC445E7,Complete,9/23/2026 18:04,9/23/2026 18:05,9/23/2026 18:39,34,9/23/2026 18:04
B5429269-181E-8A8C-8887-01A075EA0B7C,DA7B314F-EC6B-8EFA-9FBC-01A066A14E6B,DC36B221-E6FC-86FB-88CA-01A0B8A87D89,3F3C8648-B2D8-8264-9E1E-019FDCC445E7,Complete,9/23/2026 18:16,9/23/2026 18:20,9/23/2026 18:53,33,9/23/2026 18:16
E7997E11-0962-8547-8DF5-01A075EC8EE6,DA7B314F-EC6B-8EFA-9FBC-01A066A14E6B,DC36B221-E6FC-86FB-88CA-01A0B8A87D89,024F2AC1-40DE-8F28-8027-019FDCC64BE4,Complete,9/23/2026 18:53,9/23/2026 18:55,9/23/2026 19:45,50,9/23/2026 18:53
8C1CAA8B-D525-82A9-95F7-01A075E902D6,DA7B314F-EC6B-8EFA-9FBC-01A066A14E6B,89D8F77C-6644-8A3D-800C-01A071C9E717,3F3C8648-B2D8-8264-9E1E-019FDCC445E7,Complete,9/23/2026 19:14,9/23/2026 19:16,9/23/2026 19:56,40,9/23/2026 19:14
1DD4109C-0003-846D-9E16-01A075E98967,DA7B314F-EC6B-8EFA-9FBC-01A066A14E6B,89D8F77C-6644-8A3D-800C-01A071C9E717,024F2AC1-40DE-8F28-8027-019FDCC64BE4,Complete,9/23/2026 20:00,9/23/2026 20:02,9/23/2026 20:52,50,9/23/2026 20:00
7E61E290-888B-8021-8F30-01A075EB2EE0,DA7B314F-EC6B-8EFA-9FBC-01A066A14E6B,461F9F16-59EF-89F3-929B-01A0B8A87DB1,024F2AC1-40DE-8F28-8027-019FDCC64BE4,Complete,9/23/2026 20:13,9/23/2026 20:14,9/23/2026 21:04,50,9/23/2026 20:13
8C1CAA8B-D525-82A9-95F7-01A075E902D6,DA7B314F-EC6B-8EFA-9FBC-01A066A14E6B,844E6B94-02D3-8F92-8F23-01A071CE8682,3F3C8648-B2D8-8264-9E1E-019FDCC445E7,Complete,9/23/2026 22:25,9/23/2026 22:28,9/23/2026 23:35,67,9/23/2026 22:25
B5429269-181E-8A8C-8887-01A075EA0B7C,DA7B314F-EC6B-8EFA-9FBC-01A066A14E6B,86760C26-E745-852C-8E68-01A0B8A87D44,3F3C8648-B2D8-8264-9E1E-019FDCC445E7,Complete,9/23/2026 22:46,9/23/2026 22:49,9/23/2026 23:46,57,9/23/2026 22:46
1DD4109C-0003-846D-9E16-01A075E98967,DA7B314F-EC6B-8EFA-9FBC-01A066A14E6B,844E6B94-02D3-8F92-8F23-01A071CE8682,024F2AC1-40DE-8F28-8027-019FDCC64BE4,Complete,9/23/2026 23:38,9/23/2026 23:41,9/24/2026 0:31,50,9/23/2026 23:38
E7997E11-0962-8547-8DF5-01A075EC8EE6,DA7B314F-EC6B-8EFA-9FBC-01A066A14E6B,86760C26-E745-852C-8E68-01A0B8A87D44,024F2AC1-40DE-8F28-8027-019FDCC64BE4,Complete,9/23/2026 23:52,9/23/2026 23:53,9/24/2026 0:43,50,9/23/2026 23:52
6296CC53-A1DD-86DE-84E1-01A075EBC49F,DA7B314F-EC6B-8EFA-9FBC-01A066A14E6B,5149EF04-E23A-84B5-836A-01A071CE1879,3F3C8648-B2D8-8264-9E1E-019FDCC445E7,Complete,9/24/2026 0:30,9/24/2026 0:38,9/24/2026 1:21,43,9/24/2026 0:30
8C1CAA8B-D525-82A9-95F7-01A075E902D6,DA7B314F-EC6B-8EFA-9FBC-01A066A14E6B,21A8ACFA-E992-8D24-8695-01A071CE1B9A,3F3C8648-B2D8-8264-9E1E-019FDCC445E7,Complete,9/24/2026 0:37,9/24/2026 0:41,9/24/2026 1:22,41,9/24/2026 0:37
B5429269-181E-8A8C-8887-01A075EA0B7C,DA7B314F-EC6B-8EFA-9FBC-01A066A14E6B,0F02A042-B6B7-8C76-942F-01A071CE1285,3F3C8648-B2D8-8264-9E1E-019FDCC445E7,Complete,9/24/2026 0:45,9/24/2026 0:47,9/24/2026 1:28,41,9/24/2026 0:45
1DD4109C-0003-846D-9E16-01A075E98967,DA7B314F-EC6B-8EFA-9FBC-01A066A14E6B,21A8ACFA-E992-8D24-8695-01A071CE1B9A,024F2AC1-40DE-8F28-8027-019FDCC64BE4,Complete,9/24/2026 1:23,9/24/2026 1:28,9/24/2026 2:18,50,9/24/2026 1:23
7E61E290-888B-8021-8F30-01A075EB2EE0,DA7B314F-EC6B-8EFA-9FBC-01A066A14E6B,5149EF04-E23A-84B5-836A-01A071CE1879,024F2AC1-40DE-8F28-8027-019FDCC64BE4,Complete,9/24/2026 1:24,9/24/2026 1:27,9/24/2026 2:17,50,9/24/2026 1:24
E7997E11-0962-8547-8DF5-01A075EC8EE6,DA7B314F-EC6B-8EFA-9FBC-01A066A14E6B,0F02A042-B6B7-8C76-942F-01A071CE1285,024F2AC1-40DE-8F28-8027-019FDCC64BE4,Complete,9/24/2026 1:31,9/24/2026 1:31,9/24/2026 2:21,50,9/24/2026 1:31
B5429269-181E-8A8C-8887-01A075EA0B7C,DA7B314F-EC6B-8EFA-9FBC-01A066A14E6B,38A4D6AB-A80A-880F-9D63-01A0B8A87D7E,DA44D833-BC2E-8F68-9B9A-019FDCC36F35,Complete,9/24/2026 1:44,9/24/2026 1:50,9/24/2026 6:57,307,9/24/2026 1:44
